participant_id,total_rows,valid_targets,missing_targets,target_availability_percent
CGMacros-001,14730,14700,30,99.8
CGMacros-002,17025,16995,30,99.82
CGMacros-003,14565,14520,45,99.69
CGMacros-004,14055,13983,72,99.49
CGMacros-005,14460,14430,30,99.79
CGMacros-006,14460,14430,30,99.79
CGMacros-007,5655,4025,1630,71.18
CGMacros-008,14760,14730,30,99.8
CGMacros-009,14370,14340,30,99.79
CGMacros-010,16155,16125,30,99.81
CGMacros-011,14805,14775,30,99.8
CGMacros-012,14655,14610,45,99.69
CGMacros-013,15840,15810,30,99.81
CGMacros-014,17250,17220,30,99.83
CGMacros-015,16875,16634,241,98.57
CGMacros-016,16290,16260,30,99.82
CGMacros-017,16185,16155,30,99.81
CGMacros-018,14085,14011,74,99.47
CGMacros-019,14430,14385,45,99.69
CGMacros-020,16260,16230,30,99.82
CGMacros-021,16125,16095,30,99.81
CGMacros-022,17625,17595,30,99.83
CGMacros-023,16185,16155,30,99.81
CGMacros-026,16320,16290,30,99.82
CGMacros-027,14535,14505,30,99.79
CGMacros-028,18735,18705,30,99.84
CGMacros-029,17730,17700,30,99.83
CGMacros-030,15465,15435,30,99.81
CGMacros-031,13725,13695,30,99.78
CGMacros-032,13785,13755,30,99.78
CGMacros-033,15840,15795,45,99.72
CGMacros-034,14700,14670,30,99.8
CGMacros-035,14400,14370,30,99.79
CGMacros-036,17115,17085,30,99.82
CGMacros-038,14505,14475,30,99.79
CGMacros-039,17205,17175,30,99.83
CGMacros-041,14310,14280,30,99.79
CGMacros-042,14520,14490,30,99.79
CGMacros-043,14520,14475,45,99.69
CGMacros-044,14535,14505,30,99.79
CGMacros-045,15570,15540,30,99.81
CGMacros-046,14655,14595,60,99.59
CGMacros-047,15690,15660,30,99.81
CGMacros-048,17340,17295,45,99.74
CGMacros-049,15315,15285,30,99.8
