participant_id,prediction_rows,recorded_meal_events,rows_with_recent_meal_2h,rows_at_meal_event,rows_without_any_prior_meal
CGMacros-001,14640,43,4717,43,173
CGMacros-002,16935,37,3754,37,771
CGMacros-003,14400,35,4106,35,126
CGMacros-004,13862,62,5298,60,36
CGMacros-005,14370,46,4774,46,54
CGMacros-006,14370,38,4270,38,49
CGMacros-007,1841,17,254,6,19
CGMacros-008,14670,30,3630,30,42
CGMacros-009,14280,41,4590,40,128
CGMacros-010,16065,45,4823,45,89
CGMacros-011,14715,39,4508,39,116
CGMacros-012,14490,33,3950,33,321
CGMacros-013,15750,39,4381,39,130
CGMacros-014,17160,40,4389,40,110
CGMacros-015,16076,52,4897,51,99
CGMacros-016,16200,28,3388,28,106
CGMacros-017,16095,48,4881,48,209
CGMacros-018,13891,39,4210,39,243
CGMacros-019,14265,48,4828,47,188
CGMacros-020,16170,41,4411,41,239
CGMacros-021,16035,39,4298,39,228
CGMacros-022,17535,42,4801,42,198
CGMacros-023,16095,42,4890,42,141
CGMacros-026,16230,36,4059,36,178
CGMacros-027,14445,36,3954,36,258
CGMacros-028,18645,34,4096,34,216
CGMacros-029,17640,30,3630,30,173
CGMacros-030,15375,28,3388,28,57
CGMacros-031,13635,54,4924,54,614
CGMacros-032,13695,20,2420,20,545
CGMacros-033,15675,33,3993,33,75
CGMacros-034,14610,49,5215,49,67
CGMacros-035,14310,27,3267,27,155
CGMacros-036,17025,30,3630,30,48
CGMacros-038,14415,40,4372,40,114
CGMacros-039,17115,34,4004,34,51
CGMacros-041,14220,48,5399,48,70
CGMacros-042,14430,22,2581,22,103
CGMacros-043,14355,64,5830,64,175
CGMacros-044,14445,43,4627,43,159
CGMacros-045,15480,32,3705,31,0
CGMacros-046,14415,29,3078,29,146
CGMacros-047,15600,29,3477,29,135
CGMacros-048,17175,36,4206,36,168
CGMacros-049,15225,28,3388,28,119
