feature_group,feature,total_rows,missing_rows,missing_row_percent,participants_with_no_observations,total_participants
glucose_history,current_glucose,678070,0,0.0,0,45
glucose_history,glucose_lag_15min,678070,0,0.0,0,45
glucose_history,glucose_lag_30min,678070,0,0.0,0,45
glucose_history,glucose_lag_45min,678070,0,0.0,0,45
glucose_history,glucose_lag_60min,678070,0,0.0,0,45
glucose_history,glucose_change_15min,678070,0,0.0,0,45
glucose_history,glucose_change_30min,678070,0,0.0,0,45
glucose_history,glucose_slope_15min,678070,0,0.0,0,45
glucose_history,rolling_glucose_mean_60min,678070,0,0.0,0,45
glucose_history,rolling_glucose_std_60min,678070,0,0.0,0,45
glucose_history,rolling_glucose_min_60min,678070,0,0.0,0,45
glucose_history,rolling_glucose_max_60min,678070,0,0.0,0,45
meal_nutrition,meal_event_at_t,678070,0,0.0,0,45
meal_nutrition,recent_meal_2h,678070,0,0.0,0,45
meal_nutrition,time_since_last_meal_min,678070,7441,1.0974,0,45
meal_nutrition,meal_count_last_2h,678070,0,0.0,0,45
meal_nutrition,meal_calories_last_2h,678070,0,0.0,0,45
meal_nutrition,meal_carbs_last_2h_g,678070,0,0.0,0,45
meal_nutrition,meal_protein_last_2h_g,678070,0,0.0,0,45
meal_nutrition,meal_fat_last_2h_g,678070,0,0.0,0,45
meal_nutrition,meal_fiber_last_2h_g,678070,121,0.0178,0,45
temporal,hour_of_day_sin,678070,0,0.0,0,45
temporal,hour_of_day_cos,678070,0,0.0,0,45
temporal,day_night_indicator,678070,0,0.0,0,45
temporal,elapsed_recording_hours,678070,0,0.0,0,45
participant_clinical,participant_age,678070,0,0.0,0,45
participant_clinical,participant_sex_code,678070,0,0.0,0,45
participant_clinical,participant_bmi,678070,0,0.0,0,45
participant_clinical,hba1c_lab,678070,0,0.0,0,45
participant_clinical,fasting_glucose_lab,678070,0,0.0,0,45
activity_heart_rate,current_heart_rate_bpm,678070,75166,11.0853,0,45
activity_heart_rate,heart_rate_mean_15min,678070,70755,10.4348,0,45
activity_heart_rate,heart_rate_mean_60min,678070,63526,9.3686,0,45
activity_heart_rate,heart_rate_std_60min,678070,63798,9.4088,0,45
activity_heart_rate,current_mets,678070,184413,27.1967,11,45
activity_heart_rate,mets_mean_30min,678070,183933,27.126,11,45
activity_heart_rate,current_activity_calories_last_min,678070,30668,4.5228,1,45
activity_heart_rate,activity_calories_mean_30min,678070,30098,4.4388,1,45
activity_heart_rate,activity_calories_mean_60min,678070,29528,4.3547,1,45
