file_name,sheet,column,rows,valid_datetime,invalid_datetime,valid_percent,minimum,maximum
bio.csv,default,Collection time PDL (Lab),45,45,0,100.0,2026-10-04 07:05:00,2026-10-04 11:06:00
bio.csv,default,Time (t),45,45,0,100.0,2026-10-04 07:23:00,2026-10-04 09:40:00
bio.csv,default,Time (t).1,45,45,0,100.0,2026-10-04 08:24:00,2026-10-04 12:11:00
bio.csv,default,Time (t).2,45,45,0,100.0,2026-10-04 09:31:00,2026-10-04 13:18:00
CGMacros-001.csv,default,Timestamp,14730,14730,0,100.0,2020-05-01 10:30:00,2020-05-11 15:59:00
CGMacros-002.csv,default,Timestamp,17025,17025,0,100.0,2019-11-15 20:12:00,2019-11-27 15:56:00
CGMacros-003.csv,default,Timestamp,14565,14565,0,100.0,2020-03-11 09:03:00,2020-03-21 12:02:00
CGMacros-004.csv,default,Timestamp,14275,14275,0,100.0,2023-09-11 09:54:00,2023-09-21 07:48:00
CGMacros-005.csv,default,Timestamp,14460,14460,0,100.0,2020-08-17 11:14:00,2020-08-27 12:13:00
CGMacros-006.csv,default,Timestamp,14460,14460,0,100.0,2023-04-07 11:19:00,2023-04-17 12:18:00
CGMacros-007.csv,default,Timestamp,5655,5655,0,100.0,2023-11-03 10:41:00,2023-11-10 16:10:00
CGMacros-008.csv,default,Timestamp,14760,14760,0,100.0,2023-01-30 10:52:00,2023-02-09 16:51:00
CGMacros-009.csv,default,Timestamp,14370,14370,0,100.0,2020-09-15 09:05:00,2020-09-25 08:34:00
CGMacros-010.csv,default,Timestamp,16155,16155,0,100.0,2020-06-21 09:18:00,2020-07-02 14:32:00
CGMacros-011.csv,default,Timestamp,14805,14805,0,100.0,2020-10-03 09:21:00,2020-10-13 16:05:00
CGMacros-012.csv,default,Timestamp,14655,14655,0,100.0,2023-02-26 08:43:00,2023-03-08 13:12:00
CGMacros-013.csv,default,Timestamp,15840,15840,0,100.0,2024-01-25 08:42:00,2024-02-05 08:41:00
CGMacros-014.csv,default,Timestamp,17250,17250,0,100.0,2023-05-09 09:01:00,2023-05-21 08:30:00
CGMacros-015.csv,default,Timestamp,16875,16875,0,100.0,2024-01-25 09:12:00,2024-02-06 08:26:00
CGMacros-016.csv,default,Timestamp,16290,16290,0,100.0,2023-07-14 09:12:00,2023-07-25 16:41:00
CGMacros-017.csv,default,Timestamp,16185,16185,0,100.0,2023-10-10 08:51:00,2023-10-21 14:35:00
CGMacros-018.csv,default,Timestamp,14085,14085,0,100.0,2024-01-28 08:10:00,2024-02-16 11:51:00
CGMacros-019.csv,default,Timestamp,14430,14430,0,100.0,2020-09-29 08:32:00,2020-10-09 09:16:00
CGMacros-020.csv,default,Timestamp,16260,16260,0,100.0,2024-03-19 07:36:00,2024-03-30 14:35:00
CGMacros-021.csv,default,Timestamp,16125,16125,0,100.0,2020-06-08 08:12:00,2020-06-19 12:56:00
CGMacros-022.csv,default,Timestamp,17625,17625,0,100.0,2021-03-28 08:09:00,2021-04-09 13:53:00
CGMacros-023.csv,default,Timestamp,16185,16185,0,100.0,2021-05-05 08:37:00,2021-05-16 14:21:00
CGMacros-026.csv,default,Timestamp,16320,16320,0,100.0,2021-03-26 08:16:00,2021-04-06 16:15:00
CGMacros-027.csv,default,Timestamp,14535,14535,0,100.0,2024-06-10 08:12:00,2024-06-20 10:26:00
CGMacros-028.csv,default,Timestamp,18735,18735,0,100.0,2023-11-28 08:04:00,2023-12-11 08:18:00
CGMacros-029.csv,default,Timestamp,17730,17730,0,100.0,2024-01-17 08:13:00,2024-01-29 15:42:00
CGMacros-030.csv,default,Timestamp,15465,15465,0,100.0,2021-01-23 09:27:00,2021-02-03 03:11:00
CGMacros-031.csv,default,Timestamp,13725,13725,0,100.0,2022-06-29 20:05:00,2022-07-09 08:49:00
CGMacros-032.csv,default,Timestamp,13785,13785,0,100.0,2022-01-01 20:54:00,2022-01-11 10:38:00
CGMacros-033.csv,default,Timestamp,15840,15840,0,100.0,2022-04-16 09:30:00,2022-04-27 09:44:00
CGMacros-034.csv,default,Timestamp,14700,14700,0,100.0,2022-03-02 09:12:00,2022-03-12 14:11:00
CGMacros-035.csv,default,Timestamp,14400,14400,0,100.0,2024-12-12 09:07:00,2024-12-22 09:06:00
CGMacros-036.csv,default,Timestamp,17115,17115,0,100.0,2022-03-29 09:58:00,2022-04-10 07:12:00
CGMacros-038.csv,default,Timestamp,14505,14505,0,100.0,2022-01-25 08:56:00,2022-02-04 10:40:00
CGMacros-039.csv,default,Timestamp,17205,17205,0,100.0,2025-02-07 09:28:00,2025-02-19 08:12:00
CGMacros-041.csv,default,Timestamp,14310,14310,0,100.0,2022-04-26 09:04:00,2022-05-06 07:33:00
CGMacros-042.csv,default,Timestamp,14520,14520,0,100.0,2025-07-25 10:10:00,2025-08-04 12:09:00
CGMacros-043.csv,default,Timestamp,14520,14520,0,100.0,2025-10-14 09:09:00,2025-10-24 11:23:00
CGMacros-044.csv,default,Timestamp,14535,14535,0,100.0,2022-10-17 08:36:00,2022-10-27 10:50:00
CGMacros-045.csv,default,Timestamp,15570,15570,0,100.0,2025-03-25 19:59:00,2025-04-05 15:28:00
CGMacros-046.csv,default,Timestamp,14655,14655,0,100.0,2025-05-01 08:32:00,2025-05-11 13:16:00
CGMacros-047.csv,default,Timestamp,15690,15690,0,100.0,2025-10-30 08:49:00,2025-11-10 06:18:00
CGMacros-048.csv,default,Timestamp,17340,17340,0,100.0,2022-11-14 09:14:00,2022-11-26 10:28:00
CGMacros-049.csv,default,Timestamp,15315,15315,0,100.0,2025-05-11 08:53:00,2025-05-22 00:07:00
