participant_id,source_file,rows,valid_timestamps,invalid_timestamps,valid_libre_glucose,valid_dexcom_glucose,valid_heart_rate,valid_activity_calories,valid_mets,meal_events,duplicate_timestamps,median_sampling_interval_min,libre_outside_documented_range,missing_optional_columns
CGMacros-001,CGMacros-001.csv,14730,14730,0,14730,14265,14618,14730,14729,43,0,1.0,0,
CGMacros-002,CGMacros-002.csv,17025,17025,0,17025,13677,14286,14628,14628,37,0,1.0,0,
CGMacros-003,CGMacros-003.csv,14565,14565,0,14565,14260,14478,14565,14565,35,0,1.0,0,
CGMacros-004,CGMacros-004.csv,14275,14275,0,14055,14275,14235,14275,14275,62,0,1.0,0,
CGMacros-005,CGMacros-005.csv,14460,14460,0,14460,14275,14283,14438,14438,46,0,1.0,0,
CGMacros-006,CGMacros-006.csv,14460,14460,0,14460,14275,14340,14435,14435,38,0,1.0,0,
CGMacros-007,CGMacros-007.csv,5655,5655,0,5655,5640,5640,0,5655,17,0,1.0,0,Calories (Activity)
CGMacros-008,CGMacros-008.csv,14760,14760,0,14760,14220,14435,14496,14496,30,0,1.0,0,
CGMacros-009,CGMacros-009.csv,14370,14370,0,14370,14226,14157,14370,14370,41,0,1.0,0,
CGMacros-010,CGMacros-010.csv,16155,16155,0,16155,14275,15139,15282,15282,45,0,1.0,0,
CGMacros-011,CGMacros-011.csv,14805,14805,0,14805,14275,14656,14805,0,39,0,1.0,0,METs
CGMacros-012,CGMacros-012.csv,14655,14655,0,14655,14270,13399,14655,14655,33,0,1.0,0,
CGMacros-013,CGMacros-013.csv,15840,15840,0,15840,14275,15197,15318,15318,39,0,1.0,0,
CGMacros-014,CGMacros-014.csv,17250,17250,0,17250,14275,15152,15299,15299,40,0,1.0,0,
CGMacros-015,CGMacros-015.csv,16875,16875,0,16875,14210,14890,15103,15103,52,0,1.0,0,
CGMacros-016,CGMacros-016.csv,16290,16290,0,16290,14275,15229,15288,15288,28,0,1.0,0,
CGMacros-017,CGMacros-017.csv,16185,16185,0,16185,14240,13159,15309,15309,48,0,1.0,0,
CGMacros-018,CGMacros-018.csv,14085,14085,0,14085,13934,13986,14071,14071,39,0,1.0,0,
CGMacros-019,CGMacros-019.csv,14430,14430,0,14430,14260,14137,14430,14430,48,0,1.0,0,
CGMacros-020,CGMacros-020.csv,16260,16260,0,16260,14275,14354,15384,15384,41,0,1.0,0,
CGMacros-021,CGMacros-021.csv,16125,16125,0,16125,14275,15116,15348,15348,39,0,1.0,0,
CGMacros-022,CGMacros-022.csv,17625,17625,0,17625,14275,14512,15351,15351,42,0,1.0,0,
CGMacros-023,CGMacros-023.csv,16185,16185,0,16185,14265,15132,15323,15323,42,0,1.0,0,
CGMacros-026,CGMacros-026.csv,16320,16320,0,16320,13824,15211,15344,0,36,0,1.0,0,METs
CGMacros-027,CGMacros-027.csv,14535,14535,0,14535,14210,14485,14535,0,36,0,1.0,0,METs
CGMacros-028,CGMacros-028.csv,18735,18735,0,18735,14230,14289,15356,15356,34,0,1.0,0,Amount Consumed
CGMacros-029,CGMacros-029.csv,17730,17730,0,17730,14275,15072,15347,15347,30,0,1.0,0,Amount Consumed
CGMacros-030,CGMacros-030.csv,15465,15465,0,15465,14210,12372,13833,13833,28,0,1.0,9,
CGMacros-031,CGMacros-031.csv,13725,13725,0,13725,13673,13536,13725,0,54,0,1.0,0,METs
CGMacros-032,CGMacros-032.csv,13785,13785,0,13785,13656,6559,13146,0,20,0,1.0,0,METs
CGMacros-033,CGMacros-033.csv,15840,15840,0,15840,14215,10855,12375,0,33,0,1.0,0,METs
CGMacros-034,CGMacros-034.csv,14700,14700,0,14700,14275,7951,14700,0,49,0,1.0,0,METs
CGMacros-035,CGMacros-035.csv,14400,14400,0,14400,14270,12053,14400,0,27,0,1.0,0,METs
CGMacros-036,CGMacros-036.csv,17115,17115,0,17115,14275,14403,15242,15242,30,0,1.0,0,
CGMacros-038,CGMacros-038.csv,14505,14505,0,14505,14270,14346,14505,0,40,0,1.0,0,METs
CGMacros-039,CGMacros-039.csv,17205,17205,0,17205,14275,14338,17205,17205,34,0,1.0,0,
CGMacros-041,CGMacros-041.csv,14310,14310,0,14310,14241,9848,14310,14310,48,0,1.0,0,
CGMacros-042,CGMacros-042.csv,14520,14520,0,14520,14275,13235,14520,0,22,0,1.0,0,METs
CGMacros-043,CGMacros-043.csv,14520,14520,0,14520,14260,14007,14520,14520,64,0,1.0,0,
CGMacros-044,CGMacros-044.csv,14535,14535,0,14535,14225,12226,14535,14535,43,0,1.0,0,
CGMacros-045,CGMacros-045.csv,15570,15570,0,15570,13669,14597,14641,14641,32,0,1.0,0,
CGMacros-046,CGMacros-046.csv,14655,14655,0,14655,14245,13622,14655,0,29,0,1.0,0,METs
CGMacros-047,CGMacros-047.csv,15690,15690,0,15690,14225,14400,15690,15690,29,0,1.0,0,
CGMacros-048,CGMacros-048.csv,17340,17340,0,17340,14260,14347,17340,17340,36,0,1.0,0,
CGMacros-049,CGMacros-049.csv,15315,15315,0,15315,14275,13974,15307,15307,28,0,1.0,0,
