participant_id,rows,recording_start_timestamp,first_feature_timestamp,last_feature_timestamp,minimum_elapsed_hours,maximum_elapsed_hours,day_rows,night_rows
CGMacros-001,14640,2020-05-01 10:30:00,2020-05-01 11:30:00,2020-05-11 15:29:00,1.0,244.98333333333332,7440,7200
CGMacros-002,16935,2019-11-15 20:12:00,2019-11-15 21:12:00,2019-11-27 15:26:00,1.0,283.23333333333335,8487,8448
CGMacros-003,14400,2020-03-11 09:03:00,2020-03-11 10:03:00,2020-03-21 11:32:00,1.0,242.48333333333332,7200,7200
CGMacros-004,13862,2023-09-11 09:54:00,2023-09-11 10:54:00,2023-09-21 07:18:00,1.0,237.4,6662,7200
CGMacros-005,14370,2020-08-17 11:14:00,2020-08-17 12:14:00,2020-08-27 11:43:00,1.0,240.48333333333332,7170,7200
CGMacros-006,14370,2023-04-07 11:19:00,2023-04-07 12:19:00,2023-04-17 11:48:00,1.0,240.48333333333332,7170,7200
CGMacros-007,1841,2023-11-03 10:41:00,2023-11-03 11:41:00,2023-11-10 15:39:00,1.0,172.96666666666667,677,1164
CGMacros-008,14670,2023-01-30 10:52:00,2023-01-30 11:52:00,2023-02-09 16:21:00,1.0,245.48333333333332,7470,7200
CGMacros-009,14280,2020-09-15 09:05:00,2020-09-15 10:05:00,2020-09-25 08:04:00,1.0,238.98333333333332,7080,7200
CGMacros-010,16065,2020-06-21 09:18:00,2020-06-21 10:18:00,2020-07-02 14:02:00,1.0,268.73333333333335,8145,7920
CGMacros-011,14715,2020-10-03 09:21:00,2020-10-03 10:21:00,2020-10-13 15:35:00,1.0,246.23333333333332,7515,7200
CGMacros-012,14490,2023-02-26 08:43:00,2023-02-26 09:43:00,2023-03-08 12:42:00,1.0,243.98333333333332,7290,7200
CGMacros-013,15750,2024-01-25 08:42:00,2024-01-25 09:42:00,2024-02-05 08:11:00,1.0,263.48333333333335,7830,7920
CGMacros-014,17160,2023-05-09 09:01:00,2023-05-09 10:01:00,2023-05-21 08:00:00,1.0,286.98333333333335,8520,8640
CGMacros-015,16076,2024-01-25 09:12:00,2024-01-25 10:12:00,2024-02-06 07:26:00,1.0,286.23333333333335,8068,8008
CGMacros-016,16200,2023-07-14 09:12:00,2023-07-14 10:12:00,2023-07-25 16:11:00,1.0,270.98333333333335,8280,7920
CGMacros-017,16095,2023-10-10 08:51:00,2023-10-10 09:51:00,2023-10-21 14:05:00,1.0,269.23333333333335,8175,7920
CGMacros-018,13891,2024-01-28 08:10:00,2024-01-28 09:10:00,2024-02-16 11:21:00,1.0,459.18333333333334,7085,6806
CGMacros-019,14265,2020-09-29 08:32:00,2020-09-29 09:32:00,2020-10-09 08:46:00,1.0,240.23333333333332,7130,7135
CGMacros-020,16170,2024-03-19 07:36:00,2024-03-19 08:36:00,2024-03-30 14:05:00,1.0,270.48333333333335,8250,7920
CGMacros-021,16035,2020-06-08 08:12:00,2020-06-08 09:12:00,2020-06-19 12:26:00,1.0,268.23333333333335,8115,7920
CGMacros-022,17535,2021-03-28 08:09:00,2021-03-28 09:09:00,2021-04-09 13:23:00,1.0,293.23333333333335,8895,8640
CGMacros-023,16095,2021-05-05 08:37:00,2021-05-05 09:37:00,2021-05-16 13:51:00,1.0,269.23333333333335,8175,7920
CGMacros-026,16230,2021-03-26 08:16:00,2021-03-26 09:16:00,2021-04-06 15:45:00,1.0,271.48333333333335,8310,7920
CGMacros-027,14445,2024-06-10 08:12:00,2024-06-10 09:12:00,2024-06-20 09:56:00,1.0,241.73333333333332,7245,7200
CGMacros-028,18645,2023-11-28 08:04:00,2023-11-28 09:04:00,2023-12-11 07:48:00,1.0,311.73333333333335,9285,9360
CGMacros-029,17640,2024-01-17 08:13:00,2024-01-17 09:13:00,2024-01-29 15:12:00,1.0,294.98333333333335,9000,8640
CGMacros-030,15375,2021-01-23 09:27:00,2021-01-23 10:27:00,2021-02-03 02:41:00,1.0,257.23333333333335,7653,7722
CGMacros-031,13635,2022-06-29 20:05:00,2022-06-29 21:05:00,2022-07-09 08:19:00,1.0,228.23333333333332,6620,7015
CGMacros-032,13695,2022-01-01 20:54:00,2022-01-01 21:54:00,2022-01-11 10:08:00,1.0,229.23333333333332,6729,6966
CGMacros-033,15675,2022-04-16 09:30:00,2022-04-16 10:30:00,2022-04-27 09:14:00,1.0,263.73333333333335,7823,7852
CGMacros-034,14610,2022-03-02 09:12:00,2022-03-02 10:12:00,2022-03-12 13:41:00,1.0,244.48333333333332,7410,7200
CGMacros-035,14310,2024-12-12 09:07:00,2024-12-12 10:07:00,2024-12-22 08:36:00,1.0,239.48333333333332,7110,7200
CGMacros-036,17025,2022-03-29 09:58:00,2022-03-29 10:58:00,2022-04-10 06:42:00,1.0,284.73333333333335,8385,8640
CGMacros-038,14415,2022-01-25 08:56:00,2022-01-25 09:56:00,2022-02-04 10:10:00,1.0,241.23333333333332,7215,7200
CGMacros-039,17115,2025-02-07 09:28:00,2025-02-07 10:28:00,2025-02-19 07:42:00,1.0,286.23333333333335,8475,8640
CGMacros-041,14220,2022-04-26 09:04:00,2022-04-26 10:04:00,2022-05-06 07:03:00,1.0,237.98333333333332,7020,7200
CGMacros-042,14430,2025-07-25 10:10:00,2025-07-25 11:10:00,2025-08-04 11:39:00,1.0,241.48333333333332,7230,7200
CGMacros-043,14355,2025-10-14 09:09:00,2025-10-14 10:09:00,2025-10-24 10:53:00,1.0,241.73333333333332,7245,7110
CGMacros-044,14445,2022-10-17 08:36:00,2022-10-17 09:36:00,2022-10-27 10:20:00,1.0,241.73333333333332,7245,7200
CGMacros-045,15480,2025-03-25 19:59:00,2025-03-25 20:59:00,2025-04-05 14:58:00,1.0,258.98333333333335,7739,7741
CGMacros-046,14415,2025-05-01 08:32:00,2025-05-01 09:32:00,2025-05-11 12:46:00,1.0,244.23333333333332,7215,7200
CGMacros-047,15600,2025-10-30 08:49:00,2025-10-30 09:49:00,2025-11-10 05:48:00,1.0,260.98333333333335,7691,7909
CGMacros-048,17175,2022-11-14 09:14:00,2022-11-14 10:14:00,2022-11-26 09:58:00,1.0,288.73333333333335,8535,8640
CGMacros-049,15225,2025-05-11 08:53:00,2025-05-11 09:53:00,2025-05-21 23:37:00,1.0,254.73333333333332,7687,7538
