participant_id,rows,first_timestamp,last_timestamp,complete_feature_rows,complete_feature_row_percent,missing_feature_cells
CGMacros-001,14640,2020-05-01 11:30:00,2020-05-11 15:29:00,14234,97.23,453
CGMacros-002,16935,2019-11-15 21:12:00,2019-11-27 15:26:00,13454,79.44,23053
CGMacros-003,14400,2020-03-11 10:03:00,2020-03-21 11:32:00,14186,98.51,335
CGMacros-004,13862,2023-09-11 10:54:00,2023-09-21 07:18:00,13786,99.45,85
CGMacros-005,14370,2020-08-17 12:14:00,2020-08-27 11:43:00,14161,98.55,537
CGMacros-006,14370,2023-04-07 12:19:00,2023-04-17 11:48:00,14230,99.03,202
CGMacros-007,1841,2023-11-03 11:41:00,2023-11-10 15:39:00,0,0.0,5542
CGMacros-008,14670,2023-01-30 11:52:00,2023-02-09 16:21:00,14333,97.7,2004
CGMacros-009,14280,2020-09-15 10:05:00,2020-09-25 08:04:00,13938,97.61,536
CGMacros-010,16065,2020-06-21 10:18:00,2020-07-02 14:02:00,14989,93.3,7748
CGMacros-011,14715,2020-10-03 10:21:00,2020-10-13 15:35:00,0,0.0,30006
CGMacros-012,14490,2023-02-26 09:43:00,2023-03-08 12:42:00,12924,89.19,5158
CGMacros-013,15750,2024-01-25 09:42:00,2024-02-05 08:11:00,15006,95.28,4510
CGMacros-014,17160,2023-05-09 10:01:00,2023-05-21 08:00:00,14985,87.33,17581
CGMacros-015,16076,2024-01-25 10:12:00,2024-02-06 07:26:00,14335,89.17,13694
CGMacros-016,16200,2023-07-14 10:12:00,2023-07-25 16:11:00,15063,92.98,8703
CGMacros-017,16095,2023-10-10 09:51:00,2023-10-21 14:05:00,12880,80.02,11502
CGMacros-018,13891,2024-01-28 09:10:00,2024-02-16 11:21:00,13587,97.81,330
CGMacros-019,14265,2020-09-29 09:32:00,2020-10-09 08:46:00,13869,97.22,982
CGMacros-020,16170,2024-03-19 08:36:00,2024-03-30 14:05:00,14114,87.29,11146
CGMacros-021,16035,2020-06-08 09:12:00,2020-06-19 12:26:00,14909,92.98,7086
CGMacros-022,17535,2021-03-28 09:09:00,2021-04-09 13:23:00,14305,81.58,22732
CGMacros-023,16095,2021-05-05 09:37:00,2021-05-16 13:51:00,14983,93.09,7714
CGMacros-026,16230,2021-03-26 09:16:00,2021-04-06 15:45:00,0,0.0,39289
CGMacros-027,14445,2024-06-10 09:12:00,2024-06-20 09:56:00,0,0.0,29170
CGMacros-028,18645,2023-11-28 09:04:00,2023-12-11 07:48:00,14036,75.28,33978
CGMacros-029,17640,2024-01-17 09:13:00,2024-01-29 15:12:00,14862,84.25,21711
CGMacros-030,15375,2021-01-23 10:27:00,2021-02-03 02:41:00,12250,79.67,19056
CGMacros-031,13635,2022-06-29 21:05:00,2022-07-09 08:19:00,0,0.0,28251
CGMacros-032,13695,2022-01-01 21:54:00,2022-01-11 10:08:00,0,0.0,56630
CGMacros-033,15675,2022-04-16 10:30:00,2022-04-27 09:14:00,0,0.0,60198
CGMacros-034,14610,2022-03-02 10:12:00,2022-03-12 13:41:00,0,0.0,53658
CGMacros-035,14310,2024-12-12 10:07:00,2024-12-22 08:36:00,0,0.0,37006
CGMacros-036,17025,2022-03-29 10:58:00,2022-04-10 06:42:00,14292,83.95,19076
CGMacros-038,14415,2022-01-25 09:56:00,2022-02-04 10:10:00,0,0.0,29147
CGMacros-039,17115,2025-02-07 10:28:00,2025-02-19 07:42:00,14320,83.67,9383
CGMacros-041,14220,2022-04-26 10:04:00,2022-05-06 07:03:00,9789,68.84,17154
CGMacros-042,14430,2025-07-25 11:10:00,2025-08-04 11:39:00,0,0.0,32284
CGMacros-043,14355,2025-10-14 10:09:00,2025-10-24 10:53:00,13666,95.2,1849
CGMacros-044,14445,2022-10-17 09:36:00,2022-10-27 10:20:00,12034,83.31,8875
CGMacros-045,15480,2025-03-25 20:59:00,2025-04-05 14:58:00,14537,93.91,8007
CGMacros-046,14415,2025-05-01 09:32:00,2025-05-11 12:46:00,0,0.0,32391
CGMacros-047,15600,2025-10-30 09:49:00,2025-11-10 05:48:00,14252,91.36,4275
CGMacros-048,17175,2022-11-14 10:14:00,2022-11-26 09:58:00,14016,81.61,11478
CGMacros-049,15225,2025-05-11 09:53:00,2025-05-21 23:37:00,13950,91.63,4942
