participant_id,rows,heart_rate_available_rows,heart_rate_available_percent,mets_available_rows,mets_available_percent,activity_calories_available_rows,activity_calories_available_percent
CGMacros-001,14640,14528,99.23,14640,100.0,14640,100.0
CGMacros-002,16935,14226,84.0,14568,86.02,14568,86.02
CGMacros-003,14400,14313,99.4,14400,100.0,14400,100.0
CGMacros-004,13862,13822,99.71,13862,100.0,13862,100.0
CGMacros-005,14370,14216,98.93,14370,100.0,14370,100.0
CGMacros-006,14370,14280,99.37,14370,100.0,14370,100.0
CGMacros-007,1841,1841,100.0,1841,100.0,0,0.0
CGMacros-008,14670,14375,97.99,14436,98.4,14436,98.4
CGMacros-009,14280,14067,98.51,14280,100.0,14280,100.0
CGMacros-010,16065,15079,93.86,15222,94.75,15222,94.75
CGMacros-011,14715,14566,98.99,0,0.0,14715,100.0
CGMacros-012,14490,13246,91.41,14490,100.0,14490,100.0
CGMacros-013,15750,15137,96.11,15258,96.88,15258,96.88
CGMacros-014,17160,15096,87.97,15239,88.81,15239,88.81
CGMacros-015,16076,14435,89.79,14629,91.0,14629,91.0
CGMacros-016,16200,15169,93.64,15228,94.0,15228,94.0
CGMacros-017,16095,13099,81.39,15249,94.74,15249,94.74
CGMacros-018,13891,13830,99.56,13891,100.0,13891,100.0
CGMacros-019,14265,14032,98.37,14265,100.0,14265,100.0
CGMacros-020,16170,14354,88.77,15324,94.77,15324,94.77
CGMacros-021,16035,15116,94.27,15288,95.34,15288,95.34
CGMacros-022,17535,14507,82.73,15291,87.2,15291,87.2
CGMacros-023,16095,15125,93.97,15263,94.83,15263,94.83
CGMacros-026,16230,15163,93.43,0,0.0,15284,94.17
CGMacros-027,14445,14423,99.85,0,0.0,14445,100.0
CGMacros-028,18645,14254,76.45,15296,82.04,15296,82.04
CGMacros-029,17640,15037,85.24,15287,86.66,15287,86.66
CGMacros-030,15375,12312,80.08,13773,89.58,13773,89.58
CGMacros-031,13635,13446,98.61,0,0.0,13635,100.0
CGMacros-032,13695,6539,47.75,0,0.0,13086,95.55
CGMacros-033,15675,10750,68.58,0,0.0,12240,78.09
CGMacros-034,14610,7891,54.01,0,0.0,14610,100.0
CGMacros-035,14310,12053,84.23,0,0.0,14310,100.0
CGMacros-036,17025,14343,84.25,15182,89.17,15182,89.17
CGMacros-038,14415,14316,99.31,0,0.0,14415,100.0
CGMacros-039,17115,14330,83.73,17115,100.0,17115,100.0
CGMacros-041,14220,9818,69.04,14220,100.0,14220,100.0
CGMacros-042,14430,13205,91.51,0,0.0,14430,100.0
CGMacros-043,14355,13842,96.43,14355,100.0,14355,100.0
CGMacros-044,14445,12186,84.36,14445,100.0,14445,100.0
CGMacros-045,15480,14537,93.91,14581,94.19,14581,94.19
CGMacros-046,14415,13472,93.46,0,0.0,14415,100.0
CGMacros-047,15600,14389,92.24,15600,100.0,15600,100.0
CGMacros-048,17175,14187,82.6,17175,100.0,17175,100.0
CGMacros-049,15225,13952,91.64,15225,100.0,15225,100.0
