participant_id,participant_age,participant_sex_original,participant_sex_code,participant_bmi,hba1c_lab,fasting_glucose_lab
CGMacros-001,27,M,1,22.26523858,5.4,91
CGMacros-002,49,F,0,30.94674189,5.5,93
CGMacros-003,59,F,0,26.94868993,6.5,118
CGMacros-004,33,F,0,42.38427939,5.5,105
CGMacros-005,51,F,0,30.95753448,6.6,144
CGMacros-006,51,F,0,29.30345134,5.2,96
CGMacros-007,66,F,0,27.0703267,5.9,108
CGMacros-008,54,M,1,39.94543989,5.8,112
CGMacros-009,34,F,0,37.00150587,5.7,122
CGMacros-010,54,F,0,35.81189162,5.7,100
CGMacros-011,34,M,1,29.16271975,5.7,109
CGMacros-012,52,M,1,30.27287256,7.1,179
CGMacros-013,56,F,0,32.62942526,6.2,103
CGMacros-014,53,M,1,28.47358996,7.1,147
CGMacros-015,47,F,0,24.33627734,5.4,89
CGMacros-016,48,F,0,45.93513295,5.8,104
CGMacros-017,33,F,0,22.69318234,5.0,95
CGMacros-018,18,M,1,38.05875885,5.4,103
CGMacros-019,40,F,0,36.42909871,5.6,98
CGMacros-020,59,F,0,35.95333351,6.4,119
CGMacros-021,63,F,0,25.66595591,5.3,98
CGMacros-022,69,F,0,20.68996219,5.9,107
CGMacros-023,55,M,1,24.24483897,6.2,135
CGMacros-026,35,M,1,31.16746095,5.9,104
CGMacros-027,24,F,0,27.12665446,4.7,90
CGMacros-028,59,F,0,39.99681457,7.0,131
CGMacros-029,52,M,1,29.51764915,6.1,136
CGMacros-030,60,F,0,34.01032548,7.6,195
CGMacros-031,46,F,0,23.11126491,5.1,102
CGMacros-032,64,M,1,22.9202666,5.3,100
CGMacros-033,40,M,1,30.03834865,5.6,116
CGMacros-034,24,M,1,25.80197702,4.6,80
CGMacros-035,45,F,0,28.73382608,8.5,218
CGMacros-036,61,M,1,24.98509691,6.9,101
CGMacros-038,52,M,1,34.45714309,7.2,151
CGMacros-039,45,F,0,26.92293385,8.3,158
CGMacros-041,58,F,0,27.85067764,6.3,138
CGMacros-042,51,F,0,43.26869186,7.1,142
CGMacros-043,45,F,0,49.08823644,6.0,96
CGMacros-044,60,F,0,35.91846122,6.0,119
CGMacros-045,46,F,0,32.88125085,6.1,148
CGMacros-046,51,M,1,28.16034914,7.4,154
CGMacros-047,62,M,1,31.37720076,6.9,150
CGMacros-048,22,F,0,21.1336719,4.8,79
CGMacros-049,58,F,0,36.09087565,7.2,148
