feature_number,feature_group,feature,model_role,uses_future_information
1,glucose_history,current_glucose,input_X,No
2,glucose_history,glucose_lag_15min,input_X,No
3,glucose_history,glucose_lag_30min,input_X,No
4,glucose_history,glucose_lag_45min,input_X,No
5,glucose_history,glucose_lag_60min,input_X,No
6,glucose_history,glucose_change_15min,input_X,No
7,glucose_history,glucose_change_30min,input_X,No
8,glucose_history,glucose_slope_15min,input_X,No
9,glucose_history,rolling_glucose_mean_60min,input_X,No
10,glucose_history,rolling_glucose_std_60min,input_X,No
11,glucose_history,rolling_glucose_min_60min,input_X,No
12,glucose_history,rolling_glucose_max_60min,input_X,No
13,meal_nutrition,meal_event_at_t,input_X,No
14,meal_nutrition,recent_meal_2h,input_X,No
15,meal_nutrition,time_since_last_meal_min,input_X,No
16,meal_nutrition,meal_count_last_2h,input_X,No
17,meal_nutrition,meal_calories_last_2h,input_X,No
18,meal_nutrition,meal_carbs_last_2h_g,input_X,No
19,meal_nutrition,meal_protein_last_2h_g,input_X,No
20,meal_nutrition,meal_fat_last_2h_g,input_X,No
21,meal_nutrition,meal_fiber_last_2h_g,input_X,No
22,temporal,hour_of_day_sin,input_X,No
23,temporal,hour_of_day_cos,input_X,No
24,temporal,day_night_indicator,input_X,No
25,temporal,elapsed_recording_hours,input_X,No
26,participant_clinical,participant_age,input_X,No
27,participant_clinical,participant_sex_code,input_X,No
28,participant_clinical,participant_bmi,input_X,No
29,participant_clinical,hba1c_lab,input_X,No
30,participant_clinical,fasting_glucose_lab,input_X,No
31,activity_heart_rate,current_heart_rate_bpm,input_X,No
32,activity_heart_rate,heart_rate_mean_15min,input_X,No
33,activity_heart_rate,heart_rate_mean_60min,input_X,No
34,activity_heart_rate,heart_rate_std_60min,input_X,No
35,activity_heart_rate,current_mets,input_X,No
36,activity_heart_rate,mets_mean_30min,input_X,No
37,activity_heart_rate,current_activity_calories_last_min,input_X,No
38,activity_heart_rate,activity_calories_mean_30min,input_X,No
39,activity_heart_rate,activity_calories_mean_60min,input_X,No
