participant_id,participant_age_unique_values,participant_age_consistent,participant_sex_code_unique_values,participant_sex_code_consistent,participant_bmi_unique_values,participant_bmi_consistent,hba1c_lab_unique_values,hba1c_lab_consistent,fasting_glucose_lab_unique_values,fasting_glucose_lab_consistent
CGMacros-001,1,True,1,True,1,True,1,True,1,True
CGMacros-002,1,True,1,True,1,True,1,True,1,True
CGMacros-003,1,True,1,True,1,True,1,True,1,True
CGMacros-004,1,True,1,True,1,True,1,True,1,True
CGMacros-005,1,True,1,True,1,True,1,True,1,True
CGMacros-006,1,True,1,True,1,True,1,True,1,True
CGMacros-007,1,True,1,True,1,True,1,True,1,True
CGMacros-008,1,True,1,True,1,True,1,True,1,True
CGMacros-009,1,True,1,True,1,True,1,True,1,True
CGMacros-010,1,True,1,True,1,True,1,True,1,True
CGMacros-011,1,True,1,True,1,True,1,True,1,True
CGMacros-012,1,True,1,True,1,True,1,True,1,True
CGMacros-013,1,True,1,True,1,True,1,True,1,True
CGMacros-014,1,True,1,True,1,True,1,True,1,True
CGMacros-015,1,True,1,True,1,True,1,True,1,True
CGMacros-016,1,True,1,True,1,True,1,True,1,True
CGMacros-017,1,True,1,True,1,True,1,True,1,True
CGMacros-018,1,True,1,True,1,True,1,True,1,True
CGMacros-019,1,True,1,True,1,True,1,True,1,True
CGMacros-020,1,True,1,True,1,True,1,True,1,True
CGMacros-021,1,True,1,True,1,True,1,True,1,True
CGMacros-022,1,True,1,True,1,True,1,True,1,True
CGMacros-023,1,True,1,True,1,True,1,True,1,True
CGMacros-026,1,True,1,True,1,True,1,True,1,True
CGMacros-027,1,True,1,True,1,True,1,True,1,True
CGMacros-028,1,True,1,True,1,True,1,True,1,True
CGMacros-029,1,True,1,True,1,True,1,True,1,True
CGMacros-030,1,True,1,True,1,True,1,True,1,True
CGMacros-031,1,True,1,True,1,True,1,True,1,True
CGMacros-032,1,True,1,True,1,True,1,True,1,True
CGMacros-033,1,True,1,True,1,True,1,True,1,True
CGMacros-034,1,True,1,True,1,True,1,True,1,True
CGMacros-035,1,True,1,True,1,True,1,True,1,True
CGMacros-036,1,True,1,True,1,True,1,True,1,True
CGMacros-038,1,True,1,True,1,True,1,True,1,True
CGMacros-039,1,True,1,True,1,True,1,True,1,True
CGMacros-041,1,True,1,True,1,True,1,True,1,True
CGMacros-042,1,True,1,True,1,True,1,True,1,True
CGMacros-043,1,True,1,True,1,True,1,True,1,True
CGMacros-044,1,True,1,True,1,True,1,True,1,True
CGMacros-045,1,True,1,True,1,True,1,True,1,True
CGMacros-046,1,True,1,True,1,True,1,True,1,True
CGMacros-047,1,True,1,True,1,True,1,True,1,True
CGMacros-048,1,True,1,True,1,True,1,True,1,True
CGMacros-049,1,True,1,True,1,True,1,True,1,True
