file_name,sheet,rows,columns,status,error,relative_path
bio.csv,default,45,24,OK,,data\raw\cgmacros\CGMacros\bio.csv
CGMacros-001.csv,default,14730,15,OK,,data\raw\cgmacros\CGMacros\CGMacros-001\CGMacros-001.csv
CGMacros-002.csv,default,17025,15,OK,,data\raw\cgmacros\CGMacros\CGMacros-002\CGMacros-002.csv
CGMacros-003.csv,default,14565,15,OK,,data\raw\cgmacros\CGMacros\CGMacros-003\CGMacros-003.csv
CGMacros-004.csv,default,14275,15,OK,,data\raw\cgmacros\CGMacros\CGMacros-004\CGMacros-004.csv
CGMacros-005.csv,default,14460,15,OK,,data\raw\cgmacros\CGMacros\CGMacros-005\CGMacros-005.csv
CGMacros-006.csv,default,14460,15,OK,,data\raw\cgmacros\CGMacros\CGMacros-006\CGMacros-006.csv
CGMacros-007.csv,default,5655,15,OK,,data\raw\cgmacros\CGMacros\CGMacros-007\CGMacros-007.csv
CGMacros-008.csv,default,14760,14,OK,,data\raw\cgmacros\CGMacros\CGMacros-008\CGMacros-008.csv
CGMacros-009.csv,default,14370,14,OK,,data\raw\cgmacros\CGMacros\CGMacros-009\CGMacros-009.csv
CGMacros-010.csv,default,16155,14,OK,,data\raw\cgmacros\CGMacros\CGMacros-010\CGMacros-010.csv
CGMacros-011.csv,default,14805,14,OK,,data\raw\cgmacros\CGMacros\CGMacros-011\CGMacros-011.csv
CGMacros-012.csv,default,14655,14,OK,,data\raw\cgmacros\CGMacros\CGMacros-012\CGMacros-012.csv
CGMacros-013.csv,default,15840,15,OK,,data\raw\cgmacros\CGMacros\CGMacros-013\CGMacros-013.csv
CGMacros-014.csv,default,17250,14,OK,,data\raw\cgmacros\CGMacros\CGMacros-014\CGMacros-014.csv
CGMacros-015.csv,default,16875,14,OK,,data\raw\cgmacros\CGMacros\CGMacros-015\CGMacros-015.csv
CGMacros-016.csv,default,16290,14,OK,,data\raw\cgmacros\CGMacros\CGMacros-016\CGMacros-016.csv
CGMacros-017.csv,default,16185,14,OK,,data\raw\cgmacros\CGMacros\CGMacros-017\CGMacros-017.csv
CGMacros-018.csv,default,14085,14,OK,,data\raw\cgmacros\CGMacros\CGMacros-018\CGMacros-018.csv
CGMacros-019.csv,default,14430,14,OK,,data\raw\cgmacros\CGMacros\CGMacros-019\CGMacros-019.csv
CGMacros-020.csv,default,16260,14,OK,,data\raw\cgmacros\CGMacros\CGMacros-020\CGMacros-020.csv
CGMacros-021.csv,default,16125,14,OK,,data\raw\cgmacros\CGMacros\CGMacros-021\CGMacros-021.csv
CGMacros-022.csv,default,17625,14,OK,,data\raw\cgmacros\CGMacros\CGMacros-022\CGMacros-022.csv
CGMacros-023.csv,default,16185,14,OK,,data\raw\cgmacros\CGMacros\CGMacros-023\CGMacros-023.csv
CGMacros-026.csv,default,16320,14,OK,,data\raw\cgmacros\CGMacros\CGMacros-026\CGMacros-026.csv
CGMacros-027.csv,default,14535,14,OK,,data\raw\cgmacros\CGMacros\CGMacros-027\CGMacros-027.csv
CGMacros-028.csv,default,18735,13,OK,,data\raw\cgmacros\CGMacros\CGMacros-028\CGMacros-028.csv
CGMacros-029.csv,default,17730,13,OK,,data\raw\cgmacros\CGMacros\CGMacros-029\CGMacros-029.csv
CGMacros-030.csv,default,15465,14,OK,,data\raw\cgmacros\CGMacros\CGMacros-030\CGMacros-030.csv
CGMacros-031.csv,default,13725,14,OK,,data\raw\cgmacros\CGMacros\CGMacros-031\CGMacros-031.csv
CGMacros-032.csv,default,13785,14,OK,,data\raw\cgmacros\CGMacros\CGMacros-032\CGMacros-032.csv
CGMacros-033.csv,default,15840,15,OK,,data\raw\cgmacros\CGMacros\CGMacros-033\CGMacros-033.csv
CGMacros-034.csv,default,14700,14,OK,,data\raw\cgmacros\CGMacros\CGMacros-034\CGMacros-034.csv
CGMacros-035.csv,default,14400,14,OK,,data\raw\cgmacros\CGMacros\CGMacros-035\CGMacros-035.csv
CGMacros-036.csv,default,17115,15,OK,,data\raw\cgmacros\CGMacros\CGMacros-036\CGMacros-036.csv
CGMacros-038.csv,default,14505,14,OK,,data\raw\cgmacros\CGMacros\CGMacros-038\CGMacros-038.csv
CGMacros-039.csv,default,17205,14,OK,,data\raw\cgmacros\CGMacros\CGMacros-039\CGMacros-039.csv
CGMacros-041.csv,default,14310,14,OK,,data\raw\cgmacros\CGMacros\CGMacros-041\CGMacros-041.csv
CGMacros-042.csv,default,14520,14,OK,,data\raw\cgmacros\CGMacros\CGMacros-042\CGMacros-042.csv
CGMacros-043.csv,default,14520,14,OK,,data\raw\cgmacros\CGMacros\CGMacros-043\CGMacros-043.csv
CGMacros-044.csv,default,14535,14,OK,,data\raw\cgmacros\CGMacros\CGMacros-044\CGMacros-044.csv
CGMacros-045.csv,default,15570,14,OK,,data\raw\cgmacros\CGMacros\CGMacros-045\CGMacros-045.csv
CGMacros-046.csv,default,14655,14,OK,,data\raw\cgmacros\CGMacros\CGMacros-046\CGMacros-046.csv
CGMacros-047.csv,default,15690,14,OK,,data\raw\cgmacros\CGMacros\CGMacros-047\CGMacros-047.csv
CGMacros-048.csv,default,17340,14,OK,,data\raw\cgmacros\CGMacros\CGMacros-048\CGMacros-048.csv
CGMacros-049.csv,default,15315,15,OK,,data\raw\cgmacros\CGMacros\CGMacros-049\CGMacros-049.csv
gut_health_test.csv,default,47,23,OK,,data\raw\cgmacros\CGMacros\gut_health_test.csv
microbes.csv,default,45,1980,OK,,data\raw\cgmacros\CGMacros\microbes.csv
DataDictionary_Bio.csv,default,23,3,OK,,data\raw\cgmacros\DataDictionary_Bio.csv
DataDictionary_CGMacros-00X.csv,default,14,3,OK,,data\raw\cgmacros\DataDictionary_CGMacros-00X.csv
DataDictionary_Gut_Health_Test.csv,default,22,3,OK,,data\raw\cgmacros\DataDictionary_Gut_Health_Test.csv
DataDictionary_Microbes.csv,default,1979,3,OK,,data\raw\cgmacros\DataDictionary_Microbes.csv
