participant_id,input_rows,feature_ready_rows,rows_removed,feature_availability_percent
CGMacros-001,14700,14640,60,99.59
CGMacros-002,16995,16935,60,99.65
CGMacros-003,14520,14400,120,99.17
CGMacros-004,13983,13862,121,99.13
CGMacros-005,14430,14370,60,99.58
CGMacros-006,14430,14370,60,99.58
CGMacros-007,4025,1841,2184,45.74
CGMacros-008,14730,14670,60,99.59
CGMacros-009,14340,14280,60,99.58
CGMacros-010,16125,16065,60,99.63
CGMacros-011,14775,14715,60,99.59
CGMacros-012,14610,14490,120,99.18
CGMacros-013,15810,15750,60,99.62
CGMacros-014,17220,17160,60,99.65
CGMacros-015,16634,16076,558,96.65
CGMacros-016,16260,16200,60,99.63
CGMacros-017,16155,16095,60,99.63
CGMacros-018,14011,13891,120,99.14
CGMacros-019,14385,14265,120,99.17
CGMacros-020,16230,16170,60,99.63
CGMacros-021,16095,16035,60,99.63
CGMacros-022,17595,17535,60,99.66
CGMacros-023,16155,16095,60,99.63
CGMacros-026,16290,16230,60,99.63
CGMacros-027,14505,14445,60,99.59
CGMacros-028,18705,18645,60,99.68
CGMacros-029,17700,17640,60,99.66
CGMacros-030,15435,15375,60,99.61
CGMacros-031,13695,13635,60,99.56
CGMacros-032,13755,13695,60,99.56
CGMacros-033,15795,15675,120,99.24
CGMacros-034,14670,14610,60,99.59
CGMacros-035,14370,14310,60,99.58
CGMacros-036,17085,17025,60,99.65
CGMacros-038,14475,14415,60,99.59
CGMacros-039,17175,17115,60,99.65
CGMacros-041,14280,14220,60,99.58
CGMacros-042,14490,14430,60,99.59
CGMacros-043,14475,14355,120,99.17
CGMacros-044,14505,14445,60,99.59
CGMacros-045,15540,15480,60,99.61
CGMacros-046,14595,14415,180,98.77
CGMacros-047,15660,15600,60,99.62
CGMacros-048,17295,17175,120,99.31
CGMacros-049,15285,15225,60,99.61
