dataset,file_name,extension,size_mb,relative_path
shanghai,Shanghai_T2DM_Summary.xlsx,.xlsx,0.037,data\raw\shanghai\Shanghai_T2DM_Summary.xlsx
shanghai,2000_0_20201230.xlsx,.xlsx,0.034,data\raw\shanghai\Shanghai_T2DM\2000_0_20201230.xlsx
shanghai,2001_0_20201102.xlsx,.xlsx,0.038,data\raw\shanghai\Shanghai_T2DM\2001_0_20201102.xlsx
shanghai,2001_1_20201117.xlsx,.xlsx,0.035,data\raw\shanghai\Shanghai_T2DM\2001_1_20201117.xlsx
shanghai,2002_0_20210513.xlsx,.xlsx,0.023,data\raw\shanghai\Shanghai_T2DM\2002_0_20210513.xlsx
shanghai,2003_0_20210615.xlsx,.xlsx,0.026,data\raw\shanghai\Shanghai_T2DM\2003_0_20210615.xlsx
shanghai,2004_0_20211028.xlsx,.xlsx,0.022,data\raw\shanghai\Shanghai_T2DM\2004_0_20211028.xlsx
shanghai,2005_0_20211201.xlsx,.xlsx,0.025,data\raw\shanghai\Shanghai_T2DM\2005_0_20211201.xlsx
shanghai,2006_0_20211112.xlsx,.xlsx,0.02,data\raw\shanghai\Shanghai_T2DM\2006_0_20211112.xlsx
shanghai,2007_0_20220108.xlsx,.xlsx,0.031,data\raw\shanghai\Shanghai_T2DM\2007_0_20220108.xlsx
shanghai,2008_0_20220118.xlsx,.xlsx,0.021,data\raw\shanghai\Shanghai_T2DM\2008_0_20220118.xlsx
shanghai,2009_0_20211103.xlsx,.xlsx,0.021,data\raw\shanghai\Shanghai_T2DM\2009_0_20211103.xlsx
shanghai,2010_0_20220111.xlsx,.xlsx,0.022,data\raw\shanghai\Shanghai_T2DM\2010_0_20220111.xlsx
shanghai,2011_0_20220123.xlsx,.xlsx,0.021,data\raw\shanghai\Shanghai_T2DM\2011_0_20220123.xlsx
shanghai,2012_0_20220126.xlsx,.xlsx,0.016,data\raw\shanghai\Shanghai_T2DM\2012_0_20220126.xlsx
shanghai,2013_0_20220123.xlsx,.xlsx,0.017,data\raw\shanghai\Shanghai_T2DM\2013_0_20220123.xlsx
shanghai,2014_0_20201224.xlsx,.xlsx,0.041,data\raw\shanghai\Shanghai_T2DM\2014_0_20201224.xlsx
shanghai,2014_1_20210317.xlsx,.xlsx,0.034,data\raw\shanghai\Shanghai_T2DM\2014_1_20210317.xlsx
shanghai,2015_0_20210203.xlsx,.xlsx,0.044,data\raw\shanghai\Shanghai_T2DM\2015_0_20210203.xlsx
shanghai,2015_1_20210219.xlsx,.xlsx,0.036,data\raw\shanghai\Shanghai_T2DM\2015_1_20210219.xlsx
shanghai,2016_0_20201224.xls,.xls,0.125,data\raw\shanghai\Shanghai_T2DM\2016_0_20201224.xls
shanghai,2017_0_20210102.xlsx,.xlsx,0.036,data\raw\shanghai\Shanghai_T2DM\2017_0_20210102.xlsx
shanghai,2017_1_20201118.xls,.xls,0.11,data\raw\shanghai\Shanghai_T2DM\2017_1_20201118.xls
shanghai,2018_0_20210420.xls,.xls,0.104,data\raw\shanghai\Shanghai_T2DM\2018_0_20210420.xls
shanghai,2019_0_20210513.xls,.xls,0.08,data\raw\shanghai\Shanghai_T2DM\2019_0_20210513.xls
shanghai,2020_0_20210423.xls,.xls,0.056,data\raw\shanghai\Shanghai_T2DM\2020_0_20210423.xls
shanghai,2021_0_20211013.xls,.xls,0.102,data\raw\shanghai\Shanghai_T2DM\2021_0_20211013.xls
shanghai,2022_0_20210419.xls,.xls,0.092,data\raw\shanghai\Shanghai_T2DM\2022_0_20210419.xls
shanghai,2023_0_20210812.xls,.xls,0.067,data\raw\shanghai\Shanghai_T2DM\2023_0_20210812.xls
shanghai,2024_0_20210429.xls,.xls,0.074,data\raw\shanghai\Shanghai_T2DM\2024_0_20210429.xls
shanghai,2025_0_20210506.xls,.xls,0.085,data\raw\shanghai\Shanghai_T2DM\2025_0_20210506.xls
shanghai,2026_0_20210916.xls,.xls,0.098,data\raw\shanghai\Shanghai_T2DM\2026_0_20210916.xls
shanghai,2027_0_20210521.xls,.xls,0.113,data\raw\shanghai\Shanghai_T2DM\2027_0_20210521.xls
shanghai,2028_0_20210426.xls,.xls,0.087,data\raw\shanghai\Shanghai_T2DM\2028_0_20210426.xls
shanghai,2029_0_20210526.xls,.xls,0.086,data\raw\shanghai\Shanghai_T2DM\2029_0_20210526.xls
shanghai,2030_0_20210531.xls,.xls,0.101,data\raw\shanghai\Shanghai_T2DM\2030_0_20210531.xls
shanghai,2031_0_20210601.xls,.xls,0.091,data\raw\shanghai\Shanghai_T2DM\2031_0_20210601.xls
shanghai,2032_0_20210727.xls,.xls,0.05,data\raw\shanghai\Shanghai_T2DM\2032_0_20210727.xls
shanghai,2033_0_20210615.xls,.xls,0.079,data\raw\shanghai\Shanghai_T2DM\2033_0_20210615.xls
shanghai,2034_0_20210624.xls,.xls,0.054,data\raw\shanghai\Shanghai_T2DM\2034_0_20210624.xls
shanghai,2035_0_20210629.xls,.xls,0.046,data\raw\shanghai\Shanghai_T2DM\2035_0_20210629.xls
shanghai,2036_0_20210803.xls,.xls,0.065,data\raw\shanghai\Shanghai_T2DM\2036_0_20210803.xls
shanghai,2037_0_20201221.xls,.xls,0.104,data\raw\shanghai\Shanghai_T2DM\2037_0_20201221.xls
shanghai,2038_0_20210608.xls,.xls,0.065,data\raw\shanghai\Shanghai_T2DM\2038_0_20210608.xls
shanghai,2039_0_20210615.xls,.xls,0.077,data\raw\shanghai\Shanghai_T2DM\2039_0_20210615.xls
shanghai,2040_0_20210729.xls,.xls,0.096,data\raw\shanghai\Shanghai_T2DM\2040_0_20210729.xls
shanghai,2041_0_20210813.xls,.xls,0.056,data\raw\shanghai\Shanghai_T2DM\2041_0_20210813.xls
shanghai,2042_0_20211019.xls,.xls,0.061,data\raw\shanghai\Shanghai_T2DM\2042_0_20211019.xls
shanghai,2043_0_20210513.xls,.xls,0.084,data\raw\shanghai\Shanghai_T2DM\2043_0_20210513.xls
shanghai,2044_0_20211101.xls,.xls,0.078,data\raw\shanghai\Shanghai_T2DM\2044_0_20211101.xls
shanghai,2045_0_20201216.xls,.xls,0.105,data\raw\shanghai\Shanghai_T2DM\2045_0_20201216.xls
shanghai,2046_0_20201216.xls,.xls,0.092,data\raw\shanghai\Shanghai_T2DM\2046_0_20201216.xls
shanghai,2047_0_20210420.xls,.xls,0.101,data\raw\shanghai\Shanghai_T2DM\2047_0_20210420.xls
shanghai,2048_0_20210426.xls,.xls,0.102,data\raw\shanghai\Shanghai_T2DM\2048_0_20210426.xls
shanghai,2049_0_20210426.xls,.xls,0.089,data\raw\shanghai\Shanghai_T2DM\2049_0_20210426.xls
shanghai,2050_0_20210510.xls,.xls,0.1,data\raw\shanghai\Shanghai_T2DM\2050_0_20210510.xls
shanghai,2051_0_20210512.xls,.xls,0.114,data\raw\shanghai\Shanghai_T2DM\2051_0_20210512.xls
shanghai,2052_0_20210511.xls,.xls,0.097,data\raw\shanghai\Shanghai_T2DM\2052_0_20210511.xls
shanghai,2053_0_20210518.xls,.xls,0.1,data\raw\shanghai\Shanghai_T2DM\2053_0_20210518.xls
shanghai,2054_0_20210524.xls,.xls,0.058,data\raw\shanghai\Shanghai_T2DM\2054_0_20210524.xls
shanghai,2055_0_20210524.xls,.xls,0.093,data\raw\shanghai\Shanghai_T2DM\2055_0_20210524.xls
shanghai,2055_1_20201207.xls,.xls,0.108,data\raw\shanghai\Shanghai_T2DM\2055_1_20201207.xls
shanghai,2056_0_20210524.xls,.xls,0.06,data\raw\shanghai\Shanghai_T2DM\2056_0_20210524.xls
shanghai,2057_0_20210525.xls,.xls,0.104,data\raw\shanghai\Shanghai_T2DM\2057_0_20210525.xls
shanghai,2058_0_20210524.xls,.xls,0.113,data\raw\shanghai\Shanghai_T2DM\2058_0_20210524.xls
shanghai,2059_0_20210525.xls,.xls,0.099,data\raw\shanghai\Shanghai_T2DM\2059_0_20210525.xls
shanghai,2060_0_20201214.xls,.xls,0.103,data\raw\shanghai\Shanghai_T2DM\2060_0_20201214.xls
shanghai,2061_0_20210601.xls,.xls,0.093,data\raw\shanghai\Shanghai_T2DM\2061_0_20210601.xls
shanghai,2062_0_20210601.xls,.xls,0.096,data\raw\shanghai\Shanghai_T2DM\2062_0_20210601.xls
shanghai,2063_0_20210608.xls,.xls,0.111,data\raw\shanghai\Shanghai_T2DM\2063_0_20210608.xls
shanghai,2064_0_20210608.xls,.xls,0.1,data\raw\shanghai\Shanghai_T2DM\2064_0_20210608.xls
shanghai,2065_0_20210615.xls,.xls,0.077,data\raw\shanghai\Shanghai_T2DM\2065_0_20210615.xls
shanghai,2066_0_20210615.xls,.xls,0.102,data\raw\shanghai\Shanghai_T2DM\2066_0_20210615.xls
shanghai,2067_0_20210615.xls,.xls,0.097,data\raw\shanghai\Shanghai_T2DM\2067_0_20210615.xls
shanghai,2068_0_20210616.xls,.xls,0.104,data\raw\shanghai\Shanghai_T2DM\2068_0_20210616.xls
shanghai,2069_0_20210621.xls,.xls,0.115,data\raw\shanghai\Shanghai_T2DM\2069_0_20210621.xls
shanghai,2069_1_20210705.xls,.xls,0.099,data\raw\shanghai\Shanghai_T2DM\2069_1_20210705.xls
shanghai,2069_2_20210825.xls,.xls,0.114,data\raw\shanghai\Shanghai_T2DM\2069_2_20210825.xls
shanghai,2070_0_20210629.xls,.xls,0.094,data\raw\shanghai\Shanghai_T2DM\2070_0_20210629.xls
shanghai,2071_0_20210705.xls,.xls,0.101,data\raw\shanghai\Shanghai_T2DM\2071_0_20210705.xls
shanghai,2072_0_20210706.xls,.xls,0.099,data\raw\shanghai\Shanghai_T2DM\2072_0_20210706.xls
shanghai,2073_0_20210703.xls,.xls,0.118,data\raw\shanghai\Shanghai_T2DM\2073_0_20210703.xls
shanghai,2074_0_20210707.xls,.xls,0.094,data\raw\shanghai\Shanghai_T2DM\2074_0_20210707.xls
shanghai,2074_1_20210720.xls,.xls,0.09,data\raw\shanghai\Shanghai_T2DM\2074_1_20210720.xls
shanghai,2075_0_20210720.xls,.xls,0.089,data\raw\shanghai\Shanghai_T2DM\2075_0_20210720.xls
shanghai,2076_0_20210720.xls,.xls,0.106,data\raw\shanghai\Shanghai_T2DM\2076_0_20210720.xls
shanghai,2077_0_20210803.xls,.xls,0.085,data\raw\shanghai\Shanghai_T2DM\2077_0_20210803.xls
shanghai,2078_0_20210803.xls,.xls,0.102,data\raw\shanghai\Shanghai_T2DM\2078_0_20210803.xls
shanghai,2078_1_20210817.xls,.xls,0.102,data\raw\shanghai\Shanghai_T2DM\2078_1_20210817.xls
shanghai,2079_0_20210809.xls,.xls,0.099,data\raw\shanghai\Shanghai_T2DM\2079_0_20210809.xls
shanghai,2080_0_20210816.xls,.xls,0.104,data\raw\shanghai\Shanghai_T2DM\2080_0_20210816.xls
shanghai,2081_0_20210817.xls,.xls,0.113,data\raw\shanghai\Shanghai_T2DM\2081_0_20210817.xls
shanghai,2082_0_20210907.xls,.xls,0.087,data\raw\shanghai\Shanghai_T2DM\2082_0_20210907.xls
shanghai,2083_0_20201214.xls,.xls,0.122,data\raw\shanghai\Shanghai_T2DM\2083_0_20201214.xls
shanghai,2084_0_20211013.xls,.xls,0.063,data\raw\shanghai\Shanghai_T2DM\2084_0_20211013.xls
shanghai,2085_0_20200907.xls,.xls,0.122,data\raw\shanghai\Shanghai_T2DM\2085_0_20200907.xls
shanghai,2086_0_20200914.xls,.xls,0.127,data\raw\shanghai\Shanghai_T2DM\2086_0_20200914.xls
shanghai,2087_0_20201012.xls,.xls,0.118,data\raw\shanghai\Shanghai_T2DM\2087_0_20201012.xls
shanghai,2088_0_20201123.xls,.xls,0.107,data\raw\shanghai\Shanghai_T2DM\2088_0_20201123.xls
shanghai,2089_0_20201019.xls,.xls,0.104,data\raw\shanghai\Shanghai_T2DM\2089_0_20201019.xls
shanghai,2090_0_20201130.xls,.xls,0.129,data\raw\shanghai\Shanghai_T2DM\2090_0_20201130.xls
shanghai,2091_0_20201029.xls,.xls,0.106,data\raw\shanghai\Shanghai_T2DM\2091_0_20201029.xls
shanghai,2092_0_20201109.xls,.xls,0.121,data\raw\shanghai\Shanghai_T2DM\2092_0_20201109.xls
shanghai,2093_0_20201109.xls,.xls,0.107,data\raw\shanghai\Shanghai_T2DM\2093_0_20201109.xls
shanghai,2094_0_20211109.xls,.xls,0.106,data\raw\shanghai\Shanghai_T2DM\2094_0_20211109.xls
shanghai,2095_0_20201116.xls,.xls,0.103,data\raw\shanghai\Shanghai_T2DM\2095_0_20201116.xls
shanghai,2096_0_20201116.xls,.xls,0.109,data\raw\shanghai\Shanghai_T2DM\2096_0_20201116.xls
shanghai,2097_0_20201116.xls,.xls,0.104,data\raw\shanghai\Shanghai_T2DM\2097_0_20201116.xls
shanghai,2098_0_20201106.xls,.xls,0.108,data\raw\shanghai\Shanghai_T2DM\2098_0_20201106.xls
shanghai,2099_0_20201116.xls,.xls,0.111,data\raw\shanghai\Shanghai_T2DM\2099_0_20201116.xls
