feature,in_shanghai,in_cgmacros,shared_exact_name
activity_calories_mean_30min,False,True,False
activity_calories_mean_60min,False,True,False
current_activity_calories_last_min,False,True,False
current_glucose,True,True,True
current_heart_rate_bpm,False,True,False
current_mets,False,True,False
day_night_indicator,True,True,True
diabetes_duration_years,True,False,False
elapsed_recording_hours,True,True,True
fasting_glucose_lab,False,True,False
glucose_change_15min,True,True,True
glucose_change_30min,True,True,True
glucose_lag_15min,True,True,True
glucose_lag_30min,True,True,True
glucose_lag_45min,True,True,True
glucose_lag_60min,True,True,True
glucose_slope_15min,True,True,True
hba1c_lab,False,True,False
hba1c_mmol_mol,True,False,False
heart_rate_mean_15min,False,True,False
heart_rate_mean_60min,False,True,False
heart_rate_std_60min,False,True,False
hour_of_day_cos,True,True,True
hour_of_day_sin,True,True,True
meal_calories_last_2h,False,True,False
meal_carbs_last_2h_g,False,True,False
meal_count_last_2h,True,True,True
meal_event_at_t,True,True,True
meal_fat_last_2h_g,False,True,False
meal_fiber_last_2h_g,False,True,False
meal_protein_last_2h_g,False,True,False
mets_mean_30min,False,True,False
participant_age,True,True,True
participant_bmi,True,True,True
participant_sex,True,False,False
participant_sex_code,False,True,False
recent_meal_2h,True,True,True
rolling_glucose_max_60min,True,True,True
rolling_glucose_mean_60min,True,True,True
rolling_glucose_min_60min,True,True,True
rolling_glucose_std_60min,True,True,True
time_since_last_meal_min,True,True,True
