feature_group,feature,missing_rows,missing_row_percent,participants_with_no_observations
glucose_history,current_glucose,0,0.0,0
glucose_history,glucose_lag_15min,0,0.0,0
glucose_history,glucose_lag_30min,0,0.0,0
glucose_history,glucose_lag_45min,0,0.0,0
glucose_history,glucose_lag_60min,0,0.0,0
glucose_history,glucose_change_15min,0,0.0,0
glucose_history,glucose_change_30min,0,0.0,0
glucose_history,glucose_slope_15min,0,0.0,0
glucose_history,rolling_glucose_mean_60min,0,0.0,0
glucose_history,rolling_glucose_std_60min,0,0.0,0
glucose_history,rolling_glucose_min_60min,0,0.0,0
glucose_history,rolling_glucose_max_60min,0,0.0,0
temporal,hour_of_day_sin,0,0.0,0
temporal,hour_of_day_cos,0,0.0,0
temporal,day_night_indicator,0,0.0,0
temporal,elapsed_recording_hours,0,0.0,0
participant_clinical,participant_age,0,0.0,0
participant_clinical,participant_sex,0,0.0,0
participant_clinical,participant_bmi,0,0.0,0
participant_clinical,diabetes_duration_years,0,0.0,0
participant_clinical,hba1c_mmol_mol,10134,9.0682,8
meal_timing,meal_event_at_t,0,0.0,0
meal_timing,recent_meal_2h,0,0.0,0
meal_timing,time_since_last_meal_min,760,0.6801,0
meal_timing,meal_count_last_2h,0,0.0,0
