session_id,participant_id,input_rows,invalid_timestamps,missing_cgm
2000_0_20201230,2000,1339,0,0
2001_0_20201102,2001,1195,0,0
2001_1_20201117,2001,1339,0,0
2002_0_20210513,2002,571,0,0
2003_0_20210615,2003,669,0,0
2004_0_20211028,2004,484,0,0
2005_0_20211201,2005,691,0,0
2006_0_20211112,2006,480,0,0
2007_0_20220108,2007,831,0,0
2008_0_20220118,2008,533,0,0
2009_0_20211103,2009,494,0,0
2010_0_20220111,2010,539,0,0
2011_0_20220123,2011,462,0,0
2012_0_20220126,2012,288,0,0
2013_0_20220123,2013,350,0,0
2014_0_20201224,2014,1333,0,0
2014_1_20210317,2014,1339,0,0
2015_0_20210203,2015,1339,0,0
2015_1_20210219,2015,1318,0,0
2016_0_20201224,2016,1339,0,0
2017_0_20210102,2017,1337,0,0
2017_1_20201118,2017,1337,0,0
2018_0_20210420,2018,1231,0,0
2019_0_20210513,2019,751,0,0
2020_0_20210423,2020,539,0,0
2021_0_20211013,2021,1135,0,0
2022_0_20210419,2022,945,0,0
2023_0_20210812,2023,541,0,0
2024_0_20210429,2024,729,0,0
2025_0_20210506,2025,761,0,0
2026_0_20210916,2026,1136,0,0
2027_0_20210521,2027,1133,0,0
2028_0_20210426,2028,823,0,0
2029_0_20210526,2029,845,0,13
2030_0_20210531,2030,946,0,0
2031_0_20210601,2031,922,0,0
2032_0_20210727,2032,281,0,0
2033_0_20210615,2033,726,0,0
2034_0_20210624,2034,387,0,0
2035_0_20210629,2035,247,0,0
2036_0_20210803,2036,531,0,0
2037_0_20201221,2037,1338,0,0
2038_0_20210608,2038,546,0,0
2039_0_20210615,2039,633,0,0
2040_0_20210729,2040,1024,0,0
2041_0_20210813,2041,392,0,0
2042_0_20211019,2042,400,0,0
2043_0_20210513,2043,825,0,0
2044_0_20211101,2044,641,0,0
2045_0_20201216,2045,1339,0,0
2046_0_20201216,2046,1147,0,0
2047_0_20210420,2047,1217,0,0
2048_0_20210426,2048,1235,0,0
2049_0_20210426,2049,1133,0,0
2050_0_20210510,2050,1278,0,0
2051_0_20210512,2051,1218,0,0
2052_0_20210511,2052,1249,0,0
2053_0_20210518,2053,1222,0,0
2054_0_20210524,2054,525,0,0
2055_0_20210524,2055,1045,0,0
2055_1_20201207,2055,1339,0,0
2056_0_20210524,2056,567,0,0
2057_0_20210525,2057,1225,0,0
2058_0_20210524,2058,1282,0,0
2059_0_20210525,2059,1257,0,0
2060_0_20201214,2060,1333,0,0
2061_0_20210601,2061,934,0,0
2062_0_20210601,2062,1205,0,0
2063_0_20210608,2063,1223,0,0
2064_0_20210608,2064,1220,0,0
2065_0_20210615,2065,847,0,0
2066_0_20210615,2066,1220,0,0
2067_0_20210615,2067,1224,0,0
2068_0_20210616,2068,1264,0,0
2069_0_20210621,2069,1243,0,0
2069_1_20210705,2069,1244,0,0
2069_2_20210825,2069,1237,0,0
2070_0_20210629,2070,1230,0,0
2071_0_20210705,2071,1292,0,0
2072_0_20210706,2072,1220,0,0
2073_0_20210703,2073,1339,0,0
2074_0_20210707,2074,1145,0,0
2074_1_20210720,2074,978,0,0
2075_0_20210720,2075,938,0,0
2076_0_20210720,2076,1218,0,0
2077_0_20210803,2077,1023,0,0
2078_0_20210803,2078,1339,0,0
2078_1_20210817,2078,1333,0,0
2079_0_20210809,2079,1333,0,0
2080_0_20210816,2080,1329,0,0
2081_0_20210817,2081,1221,0,0
2082_0_20210907,2082,1047,0,0
2083_0_20201214,2083,1331,0,0
2084_0_20211013,2084,663,0,0
2085_0_20200907,2085,1339,0,0
2086_0_20200914,2086,1338,0,0
2087_0_20201012,2087,1339,0,0
2088_0_20201123,2088,1332,0,0
2089_0_20201019,2089,1334,0,0
2090_0_20201130,2090,1330,0,0
2091_0_20201029,2091,1339,0,0
2092_0_20201109,2092,1333,0,0
2093_0_20201109,2093,1339,0,0
2094_0_20211109,2094,1338,0,0
2095_0_20201116,2095,1329,0,0
2096_0_20201116,2096,1328,0,0
2097_0_20201116,2097,1337,0,0
2098_0_20201106,2098,1325,0,0
2099_0_20201116,2099,1329,0,0
