participant_id,session_id,total_rows,valid_targets,missing_targets,target_availability_percent
2000,2000_0_20201230,1339,1337,2,99.85
2001,2001_0_20201102,1195,1193,2,99.83
2001,2001_1_20201117,1339,1337,2,99.85
2002,2002_0_20210513,571,569,2,99.65
2003,2003_0_20210615,669,667,2,99.7
2004,2004_0_20211028,484,482,2,99.59
2005,2005_0_20211201,691,689,2,99.71
2006,2006_0_20211112,480,478,2,99.58
2007,2007_0_20220108,831,829,2,99.76
2008,2008_0_20220118,533,531,2,99.62
2009,2009_0_20211103,494,492,2,99.6
2010,2010_0_20220111,539,537,2,99.63
2011,2011_0_20220123,462,460,2,99.57
2012,2012_0_20220126,288,286,2,99.31
2013,2013_0_20220123,350,348,2,99.43
2014,2014_0_20201224,1333,1331,2,99.85
2014,2014_1_20210317,1339,1337,2,99.85
2015,2015_0_20210203,1339,1337,2,99.85
2015,2015_1_20210219,1318,1316,2,99.85
2016,2016_0_20201224,1339,1337,2,99.85
2017,2017_0_20210102,1337,1335,2,99.85
2017,2017_1_20201118,1337,1335,2,99.85
2018,2018_0_20210420,1231,1229,2,99.84
2019,2019_0_20210513,751,749,2,99.73
2020,2020_0_20210423,539,537,2,99.63
2021,2021_0_20211013,1135,1133,2,99.82
2022,2022_0_20210419,945,943,2,99.79
2023,2023_0_20210812,541,537,4,99.26
2024,2024_0_20210429,729,727,2,99.73
2025,2025_0_20210506,761,759,2,99.74
2026,2026_0_20210916,1136,1134,2,99.82
2027,2027_0_20210521,1133,1131,2,99.82
2028,2028_0_20210426,823,821,2,99.76
2029,2029_0_20210526,832,828,4,99.52
2030,2030_0_20210531,946,944,2,99.79
2031,2031_0_20210601,922,920,2,99.78
2032,2032_0_20210727,281,279,2,99.29
2033,2033_0_20210615,726,724,2,99.72
2034,2034_0_20210624,387,385,2,99.48
2035,2035_0_20210629,247,245,2,99.19
2036,2036_0_20210803,531,529,2,99.62
2037,2037_0_20201221,1338,1336,2,99.85
2038,2038_0_20210608,546,544,2,99.63
2039,2039_0_20210615,633,631,2,99.68
2040,2040_0_20210729,1024,1021,3,99.71
2041,2041_0_20210813,392,390,2,99.49
2042,2042_0_20211019,400,398,2,99.5
2043,2043_0_20210513,825,823,2,99.76
2044,2044_0_20211101,641,639,2,99.69
2045,2045_0_20201216,1339,1337,2,99.85
2046,2046_0_20201216,1147,1145,2,99.83
2047,2047_0_20210420,1217,1215,2,99.84
2048,2048_0_20210426,1235,1233,2,99.84
2049,2049_0_20210426,1133,1131,2,99.82
2050,2050_0_20210510,1278,1276,2,99.84
2051,2051_0_20210512,1218,1216,2,99.84
2052,2052_0_20210511,1249,1247,2,99.84
2053,2053_0_20210518,1222,1220,2,99.84
2054,2054_0_20210524,525,523,2,99.62
2055,2055_0_20210524,1045,1043,2,99.81
2055,2055_1_20201207,1339,1337,2,99.85
2056,2056_0_20210524,567,565,2,99.65
2057,2057_0_20210525,1225,1223,2,99.84
2058,2058_0_20210524,1282,1280,2,99.84
2059,2059_0_20210525,1257,1255,2,99.84
2060,2060_0_20201214,1333,1331,2,99.85
2061,2061_0_20210601,934,932,2,99.79
2062,2062_0_20210601,1205,1203,2,99.83
2063,2063_0_20210608,1223,1221,2,99.84
2064,2064_0_20210608,1220,1218,2,99.84
2065,2065_0_20210615,847,845,2,99.76
2066,2066_0_20210615,1220,1218,2,99.84
2067,2067_0_20210615,1224,1222,2,99.84
2068,2068_0_20210616,1264,1262,2,99.84
2069,2069_0_20210621,1243,1241,2,99.84
2069,2069_1_20210705,1244,1242,2,99.84
2069,2069_2_20210825,1237,1235,2,99.84
2070,2070_0_20210629,1230,1228,2,99.84
2071,2071_0_20210705,1292,1290,2,99.85
2072,2072_0_20210706,1220,1218,2,99.84
2073,2073_0_20210703,1339,1337,2,99.85
2074,2074_0_20210707,1145,1143,2,99.83
2074,2074_1_20210720,978,976,2,99.8
2075,2075_0_20210720,938,936,2,99.79
2076,2076_0_20210720,1218,1216,2,99.84
2077,2077_0_20210803,1023,1021,2,99.8
2078,2078_0_20210803,1339,1337,2,99.85
2078,2078_1_20210817,1333,1331,2,99.85
2079,2079_0_20210809,1333,1331,2,99.85
2080,2080_0_20210816,1329,1324,5,99.62
2081,2081_0_20210817,1221,1219,2,99.84
2082,2082_0_20210907,1047,1045,2,99.81
2083,2083_0_20201214,1331,1329,2,99.85
2084,2084_0_20211013,663,659,4,99.4
2085,2085_0_20200907,1339,1337,2,99.85
2086,2086_0_20200914,1338,1336,2,99.85
2087,2087_0_20201012,1339,1337,2,99.85
2088,2088_0_20201123,1332,1330,2,99.85
2089,2089_0_20201019,1334,1332,2,99.85
2090,2090_0_20201130,1330,1328,2,99.85
2091,2091_0_20201029,1339,1337,2,99.85
2092,2092_0_20201109,1333,1331,2,99.85
2093,2093_0_20201109,1339,1337,2,99.85
2094,2094_0_20211109,1338,1336,2,99.85
2095,2095_0_20201116,1329,1323,6,99.55
2096,2096_0_20201116,1328,1326,2,99.85
2097,2097_0_20201116,1337,1335,2,99.85
2098,2098_0_20201106,1325,1323,2,99.85
2099,2099_0_20201116,1329,1327,2,99.85
