session_id,participant_id,variable,total_rows,missing_count,missing_percent
2000_0_20201230,2000,timestamp,1339,0,0.0
2000_0_20201230,2000,cgm_mg_dl,1339,0,0.0
2000_0_20201230,2000,cbg_mg_dl,1339,1307,97.61
2000_0_20201230,2000,blood_ketone,1339,1339,100.0
2000_0_20201230,2000,dietary_intake,1339,1298,96.94
2000_0_20201230,2000,dietary_intake_chinese,1339,1298,96.94
2000_0_20201230,2000,insulin_sc,1339,1311,97.91
2000_0_20201230,2000,non_insulin_agents,1339,1339,100.0
2000_0_20201230,2000,csii_bolus,1339,1339,100.0
2000_0_20201230,2000,csii_basal,1339,1339,100.0
2000_0_20201230,2000,insulin_iv,1339,1339,100.0
2001_0_20201102,2001,timestamp,1195,0,0.0
2001_0_20201102,2001,cgm_mg_dl,1195,0,0.0
2001_0_20201102,2001,cbg_mg_dl,1195,1142,95.56
2001_0_20201102,2001,blood_ketone,1195,1195,100.0
2001_0_20201102,2001,dietary_intake,1195,1154,96.57
2001_0_20201102,2001,dietary_intake_chinese,1195,1154,96.57
2001_0_20201102,2001,insulin_sc,1195,1182,98.91
2001_0_20201102,2001,non_insulin_agents,1195,1169,97.82
2001_0_20201102,2001,csii_bolus,1195,1195,100.0
2001_0_20201102,2001,csii_basal,1195,1195,100.0
2001_0_20201102,2001,insulin_iv,1195,1195,100.0
2001_1_20201117,2001,timestamp,1339,0,0.0
2001_1_20201117,2001,cgm_mg_dl,1339,0,0.0
2001_1_20201117,2001,cbg_mg_dl,1339,1253,93.58
2001_1_20201117,2001,blood_ketone,1339,1339,100.0
2001_1_20201117,2001,dietary_intake,1339,1293,96.56
2001_1_20201117,2001,dietary_intake_chinese,1339,1293,96.56
2001_1_20201117,2001,insulin_sc,1339,1317,98.36
2001_1_20201117,2001,non_insulin_agents,1339,1311,97.91
2001_1_20201117,2001,csii_bolus,1339,1339,100.0
2001_1_20201117,2001,csii_basal,1339,1339,100.0
2001_1_20201117,2001,insulin_iv,1339,1339,100.0
2002_0_20210513,2002,timestamp,571,0,0.0
2002_0_20210513,2002,cgm_mg_dl,571,0,0.0
2002_0_20210513,2002,cbg_mg_dl,571,533,93.35
2002_0_20210513,2002,blood_ketone,571,570,99.82
2002_0_20210513,2002,dietary_intake,571,553,96.85
2002_0_20210513,2002,dietary_intake_chinese,571,553,96.85
2002_0_20210513,2002,insulin_sc,571,571,100.0
2002_0_20210513,2002,non_insulin_agents,571,571,100.0
2002_0_20210513,2002,csii_bolus,571,551,96.5
2002_0_20210513,2002,csii_basal,571,535,93.7
2002_0_20210513,2002,insulin_iv,571,570,99.82
2003_0_20210615,2003,timestamp,669,0,0.0
2003_0_20210615,2003,cgm_mg_dl,669,0,0.0
2003_0_20210615,2003,cbg_mg_dl,669,616,92.08
2003_0_20210615,2003,blood_ketone,669,669,100.0
2003_0_20210615,2003,dietary_intake,669,648,96.86
2003_0_20210615,2003,dietary_intake_chinese,669,648,96.86
2003_0_20210615,2003,insulin_sc,669,667,99.7
2003_0_20210615,2003,non_insulin_agents,669,650,97.16
2003_0_20210615,2003,csii_bolus,669,647,96.71
2003_0_20210615,2003,csii_basal,669,632,94.47
2003_0_20210615,2003,insulin_iv,669,669,100.0
2004_0_20211028,2004,timestamp,484,0,0.0
2004_0_20211028,2004,cgm_mg_dl,484,0,0.0
2004_0_20211028,2004,cbg_mg_dl,484,445,91.94
2004_0_20211028,2004,blood_ketone,484,484,100.0
2004_0_20211028,2004,dietary_intake,484,468,96.69
2004_0_20211028,2004,dietary_intake_chinese,484,468,96.69
2004_0_20211028,2004,insulin_sc,484,484,100.0
2004_0_20211028,2004,non_insulin_agents,484,476,98.35
2004_0_20211028,2004,csii_bolus,484,469,96.9
2004_0_20211028,2004,csii_basal,484,454,93.8
2004_0_20211028,2004,insulin_iv,484,484,100.0
2005_0_20211201,2005,timestamp,691,0,0.0
2005_0_20211201,2005,cgm_mg_dl,691,0,0.0
2005_0_20211201,2005,cbg_mg_dl,691,635,91.9
2005_0_20211201,2005,blood_ketone,691,691,100.0
2005_0_20211201,2005,dietary_intake,691,668,96.67
2005_0_20211201,2005,dietary_intake_chinese,691,668,96.67
2005_0_20211201,2005,insulin_sc,691,688,99.57
2005_0_20211201,2005,non_insulin_agents,691,678,98.12
2005_0_20211201,2005,csii_bolus,691,673,97.4
2005_0_20211201,2005,csii_basal,691,654,94.65
2005_0_20211201,2005,insulin_iv,691,691,100.0
2006_0_20211112,2006,timestamp,480,0,0.0
2006_0_20211112,2006,cgm_mg_dl,480,0,0.0
2006_0_20211112,2006,cbg_mg_dl,480,446,92.92
2006_0_20211112,2006,blood_ketone,480,480,100.0
2006_0_20211112,2006,dietary_intake,480,465,96.88
2006_0_20211112,2006,dietary_intake_chinese,480,465,96.88
2006_0_20211112,2006,insulin_sc,480,480,100.0
2006_0_20211112,2006,non_insulin_agents,480,465,96.88
2006_0_20211112,2006,csii_bolus,480,465,96.88
2006_0_20211112,2006,csii_basal,480,449,93.54
2006_0_20211112,2006,insulin_iv,480,480,100.0
2007_0_20220108,2007,timestamp,831,0,0.0
2007_0_20220108,2007,cgm_mg_dl,831,0,0.0
2007_0_20220108,2007,cbg_mg_dl,831,766,92.18
2007_0_20220108,2007,blood_ketone,831,831,100.0
2007_0_20220108,2007,dietary_intake,831,805,96.87
2007_0_20220108,2007,dietary_intake_chinese,831,805,96.87
2007_0_20220108,2007,insulin_sc,831,825,99.28
2007_0_20220108,2007,non_insulin_agents,831,807,97.11
2007_0_20220108,2007,csii_bolus,831,813,97.83
2007_0_20220108,2007,csii_basal,831,798,96.03
2007_0_20220108,2007,insulin_iv,831,831,100.0
2008_0_20220118,2008,timestamp,533,0,0.0
2008_0_20220118,2008,cgm_mg_dl,533,0,0.0
2008_0_20220118,2008,cbg_mg_dl,533,533,100.0
2008_0_20220118,2008,blood_ketone,533,533,100.0
2008_0_20220118,2008,dietary_intake,533,517,97.0
2008_0_20220118,2008,dietary_intake_chinese,533,517,97.0
2008_0_20220118,2008,insulin_sc,533,532,99.81
2008_0_20220118,2008,non_insulin_agents,533,528,99.06
2008_0_20220118,2008,csii_bolus,533,518,97.19
2008_0_20220118,2008,csii_basal,533,503,94.37
2008_0_20220118,2008,insulin_iv,533,533,100.0
2009_0_20211103,2009,timestamp,494,0,0.0
2009_0_20211103,2009,cgm_mg_dl,494,0,0.0
2009_0_20211103,2009,cbg_mg_dl,494,456,92.31
2009_0_20211103,2009,blood_ketone,494,492,99.6
2009_0_20211103,2009,dietary_intake,494,478,96.76
2009_0_20211103,2009,dietary_intake_chinese,494,478,96.76
2009_0_20211103,2009,insulin_sc,494,493,99.8
2009_0_20211103,2009,non_insulin_agents,494,494,100.0
2009_0_20211103,2009,csii_bolus,494,476,96.36
2009_0_20211103,2009,csii_basal,494,464,93.93
2009_0_20211103,2009,insulin_iv,494,493,99.8
2010_0_20220111,2010,timestamp,539,0,0.0
2010_0_20220111,2010,cgm_mg_dl,539,0,0.0
2010_0_20220111,2010,cbg_mg_dl,539,493,91.47
2010_0_20220111,2010,blood_ketone,539,538,99.81
2010_0_20220111,2010,dietary_intake,539,523,97.03
2010_0_20220111,2010,dietary_intake_chinese,539,523,97.03
2010_0_20220111,2010,insulin_sc,539,537,99.63
2010_0_20220111,2010,non_insulin_agents,539,526,97.59
2010_0_20220111,2010,csii_bolus,539,525,97.4
2010_0_20220111,2010,csii_basal,539,509,94.43
2010_0_20220111,2010,insulin_iv,539,539,100.0
2011_0_20220123,2011,timestamp,462,0,0.0
2011_0_20220123,2011,cgm_mg_dl,462,0,0.0
2011_0_20220123,2011,cbg_mg_dl,462,427,92.42
2011_0_20220123,2011,blood_ketone,462,462,100.0
2011_0_20220123,2011,dietary_intake,462,447,96.75
2011_0_20220123,2011,dietary_intake_chinese,462,447,96.75
2011_0_20220123,2011,insulin_sc,462,462,100.0
2011_0_20220123,2011,non_insulin_agents,462,447,96.75
2011_0_20220123,2011,csii_bolus,462,447,96.75
2011_0_20220123,2011,csii_basal,462,432,93.51
2011_0_20220123,2011,insulin_iv,462,462,100.0
2012_0_20220126,2012,timestamp,288,0,0.0
2012_0_20220126,2012,cgm_mg_dl,288,0,0.0
2012_0_20220126,2012,cbg_mg_dl,288,266,92.36
2012_0_20220126,2012,blood_ketone,288,288,100.0
2012_0_20220126,2012,dietary_intake,288,280,97.22
2012_0_20220126,2012,dietary_intake_chinese,288,280,97.22
2012_0_20220126,2012,insulin_sc,288,288,100.0
2012_0_20220126,2012,non_insulin_agents,288,279,96.88
2012_0_20220126,2012,csii_bolus,288,280,97.22
2012_0_20220126,2012,csii_basal,288,269,93.4
2012_0_20220126,2012,insulin_iv,288,288,100.0
2013_0_20220123,2013,timestamp,350,0,0.0
2013_0_20220123,2013,cgm_mg_dl,350,0,0.0
2013_0_20220123,2013,cbg_mg_dl,350,327,93.43
2013_0_20220123,2013,blood_ketone,350,350,100.0
2013_0_20220123,2013,dietary_intake,350,339,96.86
2013_0_20220123,2013,dietary_intake_chinese,350,339,96.86
2013_0_20220123,2013,insulin_sc,350,349,99.71
2013_0_20220123,2013,non_insulin_agents,350,339,96.86
2013_0_20220123,2013,csii_bolus,350,342,97.71
2013_0_20220123,2013,csii_basal,350,328,93.71
2013_0_20220123,2013,insulin_iv,350,350,100.0
2014_0_20201224,2014,timestamp,1333,0,0.0
2014_0_20201224,2014,cgm_mg_dl,1333,0,0.0
2014_0_20201224,2014,cbg_mg_dl,1333,1241,93.1
2014_0_20201224,2014,blood_ketone,1333,1333,100.0
2014_0_20201224,2014,dietary_intake,1333,1278,95.87
2014_0_20201224,2014,dietary_intake_chinese,1333,1278,95.87
2014_0_20201224,2014,insulin_sc,1333,1319,98.95
2014_0_20201224,2014,non_insulin_agents,1333,1305,97.9
2014_0_20201224,2014,csii_bolus,1333,1333,100.0
2014_0_20201224,2014,csii_basal,1333,1333,100.0
2014_0_20201224,2014,insulin_iv,1333,1333,100.0
2014_1_20210317,2014,timestamp,1339,0,0.0
2014_1_20210317,2014,cgm_mg_dl,1339,0,0.0
2014_1_20210317,2014,cbg_mg_dl,1339,1266,94.55
2014_1_20210317,2014,blood_ketone,1339,1339,100.0
2014_1_20210317,2014,dietary_intake,1339,1297,96.86
2014_1_20210317,2014,dietary_intake_chinese,1339,1296,96.79
2014_1_20210317,2014,insulin_sc,1339,1325,98.95
2014_1_20210317,2014,non_insulin_agents,1339,1316,98.28
2014_1_20210317,2014,csii_bolus,1339,1339,100.0
2014_1_20210317,2014,csii_basal,1339,1339,100.0
2014_1_20210317,2014,insulin_iv,1339,1339,100.0
2015_0_20210203,2015,timestamp,1339,0,0.0
2015_0_20210203,2015,cgm_mg_dl,1339,0,0.0
2015_0_20210203,2015,cbg_mg_dl,1339,1245,92.98
2015_0_20210203,2015,blood_ketone,1339,1339,100.0
2015_0_20210203,2015,dietary_intake,1339,1294,96.64
2015_0_20210203,2015,dietary_intake_chinese,1339,1282,95.74
2015_0_20210203,2015,insulin_sc,1339,1326,99.03
2015_0_20210203,2015,non_insulin_agents,1339,1325,98.95
2015_0_20210203,2015,csii_bolus,1339,1339,100.0
2015_0_20210203,2015,csii_basal,1339,1339,100.0
2015_0_20210203,2015,insulin_iv,1339,1339,100.0
2015_1_20210219,2015,timestamp,1318,0,0.0
2015_1_20210219,2015,cgm_mg_dl,1318,0,0.0
2015_1_20210219,2015,cbg_mg_dl,1318,1284,97.42
2015_1_20210219,2015,blood_ketone,1318,1318,100.0
2015_1_20210219,2015,dietary_intake,1318,1273,96.59
2015_1_20210219,2015,dietary_intake_chinese,1318,1273,96.59
2015_1_20210219,2015,insulin_sc,1318,1304,98.94
2015_1_20210219,2015,non_insulin_agents,1318,1306,99.09
2015_1_20210219,2015,csii_bolus,1318,1318,100.0
2015_1_20210219,2015,csii_basal,1318,1318,100.0
2015_1_20210219,2015,insulin_iv,1318,1318,100.0
2016_0_20201224,2016,timestamp,1339,0,0.0
2016_0_20201224,2016,cgm_mg_dl,1339,0,0.0
2016_0_20201224,2016,cbg_mg_dl,1339,1296,96.79
2016_0_20201224,2016,blood_ketone,1339,1339,100.0
2016_0_20201224,2016,dietary_intake,1339,1289,96.27
2016_0_20201224,2016,dietary_intake_chinese,1339,1289,96.27
2016_0_20201224,2016,insulin_sc,1339,1339,100.0
2016_0_20201224,2016,non_insulin_agents,1339,1325,98.95
2016_0_20201224,2016,csii_bolus,1339,1339,100.0
2016_0_20201224,2016,csii_basal,1339,1339,100.0
2016_0_20201224,2016,insulin_iv,1339,1339,100.0
2017_0_20210102,2017,timestamp,1337,0,0.0
2017_0_20210102,2017,cgm_mg_dl,1337,0,0.0
2017_0_20210102,2017,cbg_mg_dl,1337,1328,99.33
2017_0_20210102,2017,blood_ketone,1337,1337,100.0
2017_0_20210102,2017,dietary_intake,1337,1286,96.19
2017_0_20210102,2017,dietary_intake_chinese,1337,1286,96.19
2017_0_20210102,2017,insulin_sc,1337,1323,98.95
2017_0_20210102,2017,non_insulin_agents,1337,1296,96.93
2017_0_20210102,2017,csii_bolus,1337,1337,100.0
2017_0_20210102,2017,csii_basal,1337,1337,100.0
2017_0_20210102,2017,insulin_iv,1337,1337,100.0
2017_1_20201118,2017,timestamp,1337,0,0.0
2017_1_20201118,2017,cgm_mg_dl,1337,0,0.0
2017_1_20201118,2017,cbg_mg_dl,1337,1314,98.28
2017_1_20201118,2017,blood_ketone,1337,1337,100.0
2017_1_20201118,2017,dietary_intake,1337,1282,95.89
2017_1_20201118,2017,dietary_intake_chinese,1337,1282,95.89
2017_1_20201118,2017,insulin_sc,1337,1323,98.95
2017_1_20201118,2017,non_insulin_agents,1337,1295,96.86
2017_1_20201118,2017,csii_bolus,1337,1337,100.0
2017_1_20201118,2017,csii_basal,1337,1337,100.0
2017_1_20201118,2017,insulin_iv,1337,1337,100.0
2018_0_20210420,2018,timestamp,1231,0,0.0
2018_0_20210420,2018,cgm_mg_dl,1231,0,0.0
2018_0_20210420,2018,cbg_mg_dl,1231,1178,95.69
2018_0_20210420,2018,blood_ketone,1231,1231,100.0
2018_0_20210420,2018,dietary_intake,1231,1180,95.86
2018_0_20210420,2018,dietary_intake_chinese,1231,1180,95.86
2018_0_20210420,2018,insulin_sc,1231,1205,97.89
2018_0_20210420,2018,non_insulin_agents,1231,1193,96.91
2018_0_20210420,2018,csii_bolus,1231,1231,100.0
2018_0_20210420,2018,csii_basal,1231,1231,100.0
2018_0_20210420,2018,insulin_iv,1231,1231,100.0
2019_0_20210513,2019,timestamp,751,0,0.0
2019_0_20210513,2019,cgm_mg_dl,751,0,0.0
2019_0_20210513,2019,cbg_mg_dl,751,698,92.94
2019_0_20210513,2019,blood_ketone,751,749,99.73
2019_0_20210513,2019,dietary_intake,751,726,96.67
2019_0_20210513,2019,dietary_intake_chinese,751,726,96.67
2019_0_20210513,2019,insulin_sc,751,749,99.73
2019_0_20210513,2019,non_insulin_agents,751,731,97.34
2019_0_20210513,2019,csii_bolus,751,729,97.07
2019_0_20210513,2019,csii_basal,751,711,94.67
2019_0_20210513,2019,insulin_iv,751,751,100.0
2020_0_20210423,2020,timestamp,539,0,0.0
2020_0_20210423,2020,cgm_mg_dl,539,0,0.0
2020_0_20210423,2020,cbg_mg_dl,539,518,96.1
2020_0_20210423,2020,blood_ketone,539,539,100.0
2020_0_20210423,2020,dietary_intake,539,526,97.59
2020_0_20210423,2020,dietary_intake_chinese,539,526,97.59
2020_0_20210423,2020,insulin_sc,539,533,98.89
2020_0_20210423,2020,non_insulin_agents,539,528,97.96
2020_0_20210423,2020,csii_bolus,539,539,100.0
2020_0_20210423,2020,csii_basal,539,539,100.0
2020_0_20210423,2020,insulin_iv,539,539,100.0
2021_0_20211013,2021,timestamp,1135,0,0.0
2021_0_20211013,2021,cgm_mg_dl,1135,0,0.0
2021_0_20211013,2021,cbg_mg_dl,1135,1039,91.54
2021_0_20211013,2021,blood_ketone,1135,1128,99.38
2021_0_20211013,2021,dietary_intake,1135,1099,96.83
2021_0_20211013,2021,dietary_intake_chinese,1135,1099,96.83
2021_0_20211013,2021,insulin_sc,1135,1113,98.06
2021_0_20211013,2021,non_insulin_agents,1135,1124,99.03
2021_0_20211013,2021,csii_bolus,1135,1120,98.68
2021_0_20211013,2021,csii_basal,1135,1105,97.36
2021_0_20211013,2021,insulin_iv,1135,1130,99.56
2022_0_20210419,2022,timestamp,945,0,0.0
2022_0_20210419,2022,cgm_mg_dl,945,0,0.0
2022_0_20210419,2022,cbg_mg_dl,945,905,95.77
2022_0_20210419,2022,blood_ketone,945,945,100.0
2022_0_20210419,2022,dietary_intake,945,915,96.83
2022_0_20210419,2022,dietary_intake_chinese,945,915,96.83
2022_0_20210419,2022,insulin_sc,945,935,98.94
2022_0_20210419,2022,non_insulin_agents,945,915,96.83
2022_0_20210419,2022,csii_bolus,945,945,100.0
2022_0_20210419,2022,csii_basal,945,945,100.0
2022_0_20210419,2022,insulin_iv,945,945,100.0
2023_0_20210812,2023,timestamp,541,0,0.0
2023_0_20210812,2023,cgm_mg_dl,541,0,0.0
2023_0_20210812,2023,cbg_mg_dl,541,502,92.79
2023_0_20210812,2023,blood_ketone,541,541,100.0
2023_0_20210812,2023,dietary_intake,541,524,96.86
2023_0_20210812,2023,dietary_intake_chinese,541,524,96.86
2023_0_20210812,2023,insulin_sc,541,541,100.0
2023_0_20210812,2023,non_insulin_agents,541,528,97.6
2023_0_20210812,2023,csii_bolus,541,521,96.3
2023_0_20210812,2023,csii_basal,541,507,93.72
2023_0_20210812,2023,insulin_iv,541,541,100.0
2024_0_20210429,2024,timestamp,729,0,0.0
2024_0_20210429,2024,cgm_mg_dl,729,0,0.0
2024_0_20210429,2024,cbg_mg_dl,729,720,98.77
2024_0_20210429,2024,blood_ketone,729,729,100.0
2024_0_20210429,2024,dietary_intake,729,707,96.98
2024_0_20210429,2024,dietary_intake_chinese,729,707,96.98
2024_0_20210429,2024,insulin_sc,729,726,99.59
2024_0_20210429,2024,non_insulin_agents,729,707,96.98
2024_0_20210429,2024,csii_bolus,729,709,97.26
2024_0_20210429,2024,csii_basal,729,687,94.24
2024_0_20210429,2024,insulin_iv,729,729,100.0
2025_0_20210506,2025,timestamp,761,0,0.0
2025_0_20210506,2025,cgm_mg_dl,761,0,0.0
2025_0_20210506,2025,cbg_mg_dl,761,709,93.17
2025_0_20210506,2025,blood_ketone,761,759,99.74
2025_0_20210506,2025,dietary_intake,761,737,96.85
2025_0_20210506,2025,dietary_intake_chinese,761,737,96.85
2025_0_20210506,2025,insulin_sc,761,754,99.08
2025_0_20210506,2025,non_insulin_agents,761,744,97.77
2025_0_20210506,2025,csii_bolus,761,742,97.5
2025_0_20210506,2025,csii_basal,761,724,95.14
2025_0_20210506,2025,insulin_iv,761,761,100.0
2026_0_20210916,2026,timestamp,1136,0,0.0
2026_0_20210916,2026,cgm_mg_dl,1136,0,0.0
2026_0_20210916,2026,cbg_mg_dl,1136,1134,99.82
2026_0_20210916,2026,blood_ketone,1136,1136,100.0
2026_0_20210916,2026,dietary_intake,1136,1099,96.74
2026_0_20210916,2026,dietary_intake_chinese,1136,1099,96.74
2026_0_20210916,2026,insulin_sc,1136,1112,97.89
2026_0_20210916,2026,non_insulin_agents,1136,1136,100.0
2026_0_20210916,2026,csii_bolus,1136,1136,100.0
2026_0_20210916,2026,csii_basal,1136,1136,100.0
2026_0_20210916,2026,insulin_iv,1136,1136,100.0
2027_0_20210521,2027,timestamp,1133,0,0.0
2027_0_20210521,2027,cgm_mg_dl,1133,0,0.0
2027_0_20210521,2027,cbg_mg_dl,1133,1054,93.03
2027_0_20210521,2027,blood_ketone,1133,1131,99.82
2027_0_20210521,2027,dietary_intake,1133,1096,96.73
2027_0_20210521,2027,dietary_intake_chinese,1133,1096,96.73
2027_0_20210521,2027,insulin_sc,1133,1133,100.0
2027_0_20210521,2027,non_insulin_agents,1133,1097,96.82
2027_0_20210521,2027,csii_bolus,1133,1095,96.65
2027_0_20210521,2027,csii_basal,1133,1062,93.73
2027_0_20210521,2027,insulin_iv,1133,1132,99.91
2028_0_20210426,2028,timestamp,823,0,0.0
2028_0_20210426,2028,cgm_mg_dl,823,0,0.0
2028_0_20210426,2028,cbg_mg_dl,823,766,93.07
2028_0_20210426,2028,blood_ketone,823,823,100.0
2028_0_20210426,2028,dietary_intake,823,797,96.84
2028_0_20210426,2028,dietary_intake_chinese,823,797,96.84
2028_0_20210426,2028,insulin_sc,823,818,99.39
2028_0_20210426,2028,non_insulin_agents,823,798,96.96
2028_0_20210426,2028,csii_bolus,823,805,97.81
2028_0_20210426,2028,csii_basal,823,787,95.63
2028_0_20210426,2028,insulin_iv,823,823,100.0
2029_0_20210526,2029,timestamp,845,0,0.0
2029_0_20210526,2029,cgm_mg_dl,845,13,1.54
2029_0_20210526,2029,cbg_mg_dl,845,824,97.51
2029_0_20210526,2029,blood_ketone,845,845,100.0
2029_0_20210526,2029,dietary_intake,845,817,96.69
2029_0_20210526,2029,dietary_intake_chinese,845,820,97.04
2029_0_20210526,2029,insulin_sc,845,843,99.76
2029_0_20210526,2029,non_insulin_agents,845,818,96.8
2029_0_20210526,2029,csii_bolus,845,822,97.28
2029_0_20210526,2029,csii_basal,845,798,94.44
2029_0_20210526,2029,insulin_iv,845,845,100.0
2030_0_20210531,2030,timestamp,946,0,0.0
2030_0_20210531,2030,cgm_mg_dl,946,0,0.0
2030_0_20210531,2030,cbg_mg_dl,946,884,93.45
2030_0_20210531,2030,blood_ketone,946,946,100.0
2030_0_20210531,2030,dietary_intake,946,918,97.04
2030_0_20210531,2030,dietary_intake_chinese,946,918,97.04
2030_0_20210531,2030,insulin_sc,946,938,99.15
2030_0_20210531,2030,non_insulin_agents,946,919,97.15
2030_0_20210531,2030,csii_bolus,946,932,98.52
2030_0_20210531,2030,csii_basal,946,909,96.09
2030_0_20210531,2030,insulin_iv,946,945,99.89
2031_0_20210601,2031,timestamp,922,0,0.0
2031_0_20210601,2031,cgm_mg_dl,922,0,0.0
2031_0_20210601,2031,cbg_mg_dl,922,856,92.84
2031_0_20210601,2031,blood_ketone,922,922,100.0
2031_0_20210601,2031,dietary_intake,922,893,96.85
2031_0_20210601,2031,dietary_intake_chinese,922,893,96.85
2031_0_20210601,2031,insulin_sc,922,914,99.13
2031_0_20210601,2031,non_insulin_agents,922,907,98.37
2031_0_20210601,2031,csii_bolus,922,904,98.05
2031_0_20210601,2031,csii_basal,922,885,95.99
2031_0_20210601,2031,insulin_iv,922,922,100.0
2032_0_20210727,2032,timestamp,281,0,0.0
2032_0_20210727,2032,cgm_mg_dl,281,0,0.0
2032_0_20210727,2032,cbg_mg_dl,281,258,91.81
2032_0_20210727,2032,blood_ketone,281,281,100.0
2032_0_20210727,2032,dietary_intake,281,270,96.09
2032_0_20210727,2032,dietary_intake_chinese,281,270,96.09
2032_0_20210727,2032,insulin_sc,281,279,99.29
2032_0_20210727,2032,non_insulin_agents,281,278,98.93
2032_0_20210727,2032,csii_bolus,281,274,97.51
2032_0_20210727,2032,csii_basal,281,270,96.09
2032_0_20210727,2032,insulin_iv,281,281,100.0
2033_0_20210615,2033,timestamp,726,0,0.0
2033_0_20210615,2033,cgm_mg_dl,726,0,0.0
2033_0_20210615,2033,cbg_mg_dl,726,688,94.77
2033_0_20210615,2033,blood_ketone,726,726,100.0
2033_0_20210615,2033,dietary_intake,726,704,96.97
2033_0_20210615,2033,dietary_intake_chinese,726,704,96.97
2033_0_20210615,2033,insulin_sc,726,723,99.59
2033_0_20210615,2033,non_insulin_agents,726,707,97.38
2033_0_20210615,2033,csii_bolus,726,708,97.52
2033_0_20210615,2033,csii_basal,726,690,95.04
2033_0_20210615,2033,insulin_iv,726,726,100.0
2034_0_20210624,2034,timestamp,387,0,0.0
2034_0_20210624,2034,cgm_mg_dl,387,0,0.0
2034_0_20210624,2034,cbg_mg_dl,387,364,94.06
2034_0_20210624,2034,blood_ketone,387,387,100.0
2034_0_20210624,2034,dietary_intake,387,375,96.9
2034_0_20210624,2034,dietary_intake_chinese,387,375,96.9
2034_0_20210624,2034,insulin_sc,387,387,100.0
2034_0_20210624,2034,non_insulin_agents,387,375,96.9
2034_0_20210624,2034,csii_bolus,387,374,96.64
2034_0_20210624,2034,csii_basal,387,362,93.54
2034_0_20210624,2034,insulin_iv,387,387,100.0
2035_0_20210629,2035,timestamp,247,0,0.0
2035_0_20210629,2035,cgm_mg_dl,247,0,0.0
2035_0_20210629,2035,cbg_mg_dl,247,230,93.12
2035_0_20210629,2035,blood_ketone,247,247,100.0
2035_0_20210629,2035,dietary_intake,247,240,97.17
2035_0_20210629,2035,dietary_intake_chinese,247,240,97.17
2035_0_20210629,2035,insulin_sc,247,239,96.76
2035_0_20210629,2035,non_insulin_agents,247,240,97.17
2035_0_20210629,2035,csii_bolus,247,246,99.6
2035_0_20210629,2035,csii_basal,247,242,97.98
2035_0_20210629,2035,insulin_iv,247,247,100.0
2036_0_20210803,2036,timestamp,531,0,0.0
2036_0_20210803,2036,cgm_mg_dl,531,0,0.0
2036_0_20210803,2036,cbg_mg_dl,531,493,92.84
2036_0_20210803,2036,blood_ketone,531,531,100.0
2036_0_20210803,2036,dietary_intake,531,516,97.18
2036_0_20210803,2036,dietary_intake_chinese,531,516,97.18
2036_0_20210803,2036,insulin_sc,531,529,99.62
2036_0_20210803,2036,non_insulin_agents,531,529,99.62
2036_0_20210803,2036,csii_bolus,531,518,97.55
2036_0_20210803,2036,csii_basal,531,501,94.35
2036_0_20210803,2036,insulin_iv,531,531,100.0
2037_0_20201221,2037,timestamp,1338,0,0.0
2037_0_20201221,2037,cgm_mg_dl,1338,0,0.0
2037_0_20201221,2037,cbg_mg_dl,1338,1242,92.83
2037_0_20201221,2037,blood_ketone,1338,1338,100.0
2037_0_20201221,2037,dietary_intake,1338,1296,96.86
2037_0_20201221,2037,dietary_intake_chinese,1338,1296,96.86
2037_0_20201221,2037,insulin_sc,1338,1338,100.0
2037_0_20201221,2037,non_insulin_agents,1338,1324,98.95
2037_0_20201221,2037,csii_bolus,1338,1338,100.0
2037_0_20201221,2037,csii_basal,1338,1338,100.0
2037_0_20201221,2037,insulin_iv,1338,1338,100.0
2038_0_20210608,2038,timestamp,546,0,0.0
2038_0_20210608,2038,cgm_mg_dl,546,0,0.0
2038_0_20210608,2038,cbg_mg_dl,546,508,93.04
2038_0_20210608,2038,blood_ketone,546,546,100.0
2038_0_20210608,2038,dietary_intake,546,527,96.52
2038_0_20210608,2038,dietary_intake_chinese,546,527,96.52
2038_0_20210608,2038,insulin_sc,546,546,100.0
2038_0_20210608,2038,non_insulin_agents,546,546,100.0
2038_0_20210608,2038,csii_bolus,546,530,97.07
2038_0_20210608,2038,csii_basal,546,511,93.59
2038_0_20210608,2038,insulin_iv,546,546,100.0
2039_0_20210615,2039,timestamp,633,0,0.0
2039_0_20210615,2039,cgm_mg_dl,633,0,0.0
2039_0_20210615,2039,cbg_mg_dl,633,591,93.36
2039_0_20210615,2039,blood_ketone,633,633,100.0
2039_0_20210615,2039,dietary_intake,633,613,96.84
2039_0_20210615,2039,dietary_intake_chinese,633,613,96.84
2039_0_20210615,2039,insulin_sc,633,629,99.37
2039_0_20210615,2039,non_insulin_agents,633,618,97.63
2039_0_20210615,2039,csii_bolus,633,614,97.0
2039_0_20210615,2039,csii_basal,633,603,95.26
2039_0_20210615,2039,insulin_iv,633,633,100.0
2040_0_20210729,2040,timestamp,1024,0,0.0
2040_0_20210729,2040,cgm_mg_dl,1024,0,0.0
2040_0_20210729,2040,cbg_mg_dl,1024,949,92.68
2040_0_20210729,2040,blood_ketone,1024,1024,100.0
2040_0_20210729,2040,dietary_intake,1024,992,96.88
2040_0_20210729,2040,dietary_intake_chinese,1024,992,96.88
2040_0_20210729,2040,insulin_sc,1024,1010,98.63
2040_0_20210729,2040,non_insulin_agents,1024,1023,99.9
2040_0_20210729,2040,csii_bolus,1024,1012,98.83
2040_0_20210729,2040,csii_basal,1024,1001,97.75
2040_0_20210729,2040,insulin_iv,1024,1024,100.0
2041_0_20210813,2041,timestamp,392,0,0.0
2041_0_20210813,2041,cgm_mg_dl,392,0,0.0
2041_0_20210813,2041,cbg_mg_dl,392,362,92.35
2041_0_20210813,2041,blood_ketone,392,392,100.0
2041_0_20210813,2041,dietary_intake,392,380,96.94
2041_0_20210813,2041,dietary_intake_chinese,392,380,96.94
2041_0_20210813,2041,insulin_sc,392,390,99.49
2041_0_20210813,2041,non_insulin_agents,392,381,97.19
2041_0_20210813,2041,csii_bolus,392,379,96.68
2041_0_20210813,2041,csii_basal,392,372,94.9
2041_0_20210813,2041,insulin_iv,392,391,99.74
2042_0_20211019,2042,timestamp,400,0,0.0
2042_0_20211019,2042,cgm_mg_dl,400,0,0.0
2042_0_20211019,2042,cbg_mg_dl,400,370,92.5
2042_0_20211019,2042,blood_ketone,400,399,99.75
2042_0_20211019,2042,dietary_intake,400,386,96.5
2042_0_20211019,2042,dietary_intake_chinese,400,386,96.5
2042_0_20211019,2042,insulin_sc,400,400,100.0
2042_0_20211019,2042,non_insulin_agents,400,400,100.0
2042_0_20211019,2042,csii_bolus,400,386,96.5
2042_0_20211019,2042,csii_basal,400,375,93.75
2042_0_20211019,2042,insulin_iv,400,400,100.0
2043_0_20210513,2043,timestamp,825,0,0.0
2043_0_20210513,2043,cgm_mg_dl,825,0,0.0
2043_0_20210513,2043,cbg_mg_dl,825,772,93.58
2043_0_20210513,2043,blood_ketone,825,825,100.0
2043_0_20210513,2043,dietary_intake,825,800,96.97
2043_0_20210513,2043,dietary_intake_chinese,825,800,96.97
2043_0_20210513,2043,insulin_sc,825,819,99.27
2043_0_20210513,2043,non_insulin_agents,825,800,96.97
2043_0_20210513,2043,csii_bolus,825,808,97.94
2043_0_20210513,2043,csii_basal,825,789,95.64
2043_0_20210513,2043,insulin_iv,825,825,100.0
2044_0_20211101,2044,timestamp,641,0,0.0
2044_0_20211101,2044,cgm_mg_dl,641,0,0.0
2044_0_20211101,2044,cbg_mg_dl,641,592,92.36
2044_0_20211101,2044,blood_ketone,641,641,100.0
2044_0_20211101,2044,dietary_intake,641,618,96.41
2044_0_20211101,2044,dietary_intake_chinese,641,618,96.41
2044_0_20211101,2044,insulin_sc,641,639,99.69
2044_0_20211101,2044,non_insulin_agents,641,621,96.88
2044_0_20211101,2044,csii_bolus,641,623,97.19
2044_0_20211101,2044,csii_basal,641,604,94.23
2044_0_20211101,2044,insulin_iv,641,641,100.0
2045_0_20201216,2045,timestamp,1339,0,0.0
2045_0_20201216,2045,cgm_mg_dl,1339,0,0.0
2045_0_20201216,2045,cbg_mg_dl,1339,1259,94.03
2045_0_20201216,2045,blood_ketone,1339,1339,100.0
2045_0_20201216,2045,dietary_intake,1339,1275,95.22
2045_0_20201216,2045,dietary_intake_chinese,1339,1275,95.22
2045_0_20201216,2045,insulin_sc,1339,1311,97.91
2045_0_20201216,2045,non_insulin_agents,1339,1286,96.04
2045_0_20201216,2045,csii_bolus,1339,1339,100.0
2045_0_20201216,2045,csii_basal,1339,1339,100.0
2045_0_20201216,2045,insulin_iv,1339,1339,100.0
2046_0_20201216,2046,timestamp,1147,0,0.0
2046_0_20201216,2046,cgm_mg_dl,1147,0,0.0
2046_0_20201216,2046,cbg_mg_dl,1147,1068,93.11
2046_0_20201216,2046,blood_ketone,1147,1147,100.0
2046_0_20201216,2046,dietary_intake,1147,1110,96.77
2046_0_20201216,2046,dietary_intake_chinese,1147,1110,96.77
2046_0_20201216,2046,insulin_sc,1147,1147,100.0
2046_0_20201216,2046,non_insulin_agents,1147,1123,97.91
2046_0_20201216,2046,csii_bolus,1147,1147,100.0
2046_0_20201216,2046,csii_basal,1147,1147,100.0
2046_0_20201216,2046,insulin_iv,1147,1147,100.0
2047_0_20210420,2047,timestamp,1217,0,0.0
2047_0_20210420,2047,cgm_mg_dl,1217,0,0.0
2047_0_20210420,2047,cbg_mg_dl,1217,1204,98.93
2047_0_20210420,2047,blood_ketone,1217,1217,100.0
2047_0_20210420,2047,dietary_intake,1217,1169,96.06
2047_0_20210420,2047,dietary_intake_chinese,1217,1169,96.06
2047_0_20210420,2047,insulin_sc,1217,1217,100.0
2047_0_20210420,2047,non_insulin_agents,1217,1200,98.6
2047_0_20210420,2047,csii_bolus,1217,1217,100.0
2047_0_20210420,2047,csii_basal,1217,1217,100.0
2047_0_20210420,2047,insulin_iv,1217,1217,100.0
2048_0_20210426,2048,timestamp,1235,0,0.0
2048_0_20210426,2048,cgm_mg_dl,1235,0,0.0
2048_0_20210426,2048,cbg_mg_dl,1235,1235,100.0
2048_0_20210426,2048,blood_ketone,1235,1235,100.0
2048_0_20210426,2048,dietary_intake,1235,1196,96.84
2048_0_20210426,2048,dietary_intake_chinese,1235,1196,96.84
2048_0_20210426,2048,insulin_sc,1235,1235,100.0
2048_0_20210426,2048,non_insulin_agents,1235,1196,96.84
2048_0_20210426,2048,csii_bolus,1235,1235,100.0
2048_0_20210426,2048,csii_basal,1235,1235,100.0
2048_0_20210426,2048,insulin_iv,1235,1235,100.0
2049_0_20210426,2049,timestamp,1133,0,0.0
2049_0_20210426,2049,cgm_mg_dl,1133,0,0.0
2049_0_20210426,2049,cbg_mg_dl,1133,1132,99.91
2049_0_20210426,2049,blood_ketone,1133,1133,100.0
2049_0_20210426,2049,dietary_intake,1133,1098,96.91
2049_0_20210426,2049,dietary_intake_chinese,1133,1098,96.91
2049_0_20210426,2049,insulin_sc,1133,1098,96.91
2049_0_20210426,2049,non_insulin_agents,1133,1133,100.0
2049_0_20210426,2049,csii_bolus,1133,1133,100.0
2049_0_20210426,2049,csii_basal,1133,1133,100.0
2049_0_20210426,2049,insulin_iv,1133,1133,100.0
2050_0_20210510,2050,timestamp,1278,0,0.0
2050_0_20210510,2050,cgm_mg_dl,1278,0,0.0
2050_0_20210510,2050,cbg_mg_dl,1278,1273,99.61
2050_0_20210510,2050,blood_ketone,1278,1278,100.0
2050_0_20210510,2050,dietary_intake,1278,1228,96.09
2050_0_20210510,2050,dietary_intake_chinese,1278,1228,96.09
2050_0_20210510,2050,insulin_sc,1278,1278,100.0
2050_0_20210510,2050,non_insulin_agents,1278,1265,98.98
2050_0_20210510,2050,csii_bolus,1278,1278,100.0
2050_0_20210510,2050,csii_basal,1278,1278,100.0
2050_0_20210510,2050,insulin_iv,1278,1278,100.0
2051_0_20210512,2051,timestamp,1218,0,0.0
2051_0_20210512,2051,cgm_mg_dl,1218,0,0.0
2051_0_20210512,2051,cbg_mg_dl,1218,1215,99.75
2051_0_20210512,2051,blood_ketone,1218,1218,100.0
2051_0_20210512,2051,dietary_intake,1218,1179,96.8
2051_0_20210512,2051,dietary_intake_chinese,1218,1179,96.8
2051_0_20210512,2051,insulin_sc,1218,1218,100.0
2051_0_20210512,2051,non_insulin_agents,1218,1179,96.8
2051_0_20210512,2051,csii_bolus,1218,1218,100.0
2051_0_20210512,2051,csii_basal,1218,1218,100.0
2051_0_20210512,2051,insulin_iv,1218,1218,100.0
2052_0_20210511,2052,timestamp,1249,0,0.0
2052_0_20210511,2052,cgm_mg_dl,1249,0,0.0
2052_0_20210511,2052,cbg_mg_dl,1249,1249,100.0
2052_0_20210511,2052,blood_ketone,1249,1249,100.0
2052_0_20210511,2052,dietary_intake,1249,1208,96.72
2052_0_20210511,2052,dietary_intake_chinese,1249,1208,96.72
2052_0_20210511,2052,insulin_sc,1249,1223,97.92
2052_0_20210511,2052,non_insulin_agents,1249,1249,100.0
2052_0_20210511,2052,csii_bolus,1249,1249,100.0
2052_0_20210511,2052,csii_basal,1249,1249,100.0
2052_0_20210511,2052,insulin_iv,1249,1249,100.0
2053_0_20210518,2053,timestamp,1222,0,0.0
2053_0_20210518,2053,cgm_mg_dl,1222,0,0.0
2053_0_20210518,2053,cbg_mg_dl,1222,1219,99.75
2053_0_20210518,2053,blood_ketone,1222,1222,100.0
2053_0_20210518,2053,dietary_intake,1222,1186,97.05
2053_0_20210518,2053,dietary_intake_chinese,1222,1186,97.05
2053_0_20210518,2053,insulin_sc,1222,1197,97.95
2053_0_20210518,2053,non_insulin_agents,1222,1197,97.95
2053_0_20210518,2053,csii_bolus,1222,1222,100.0
2053_0_20210518,2053,csii_basal,1222,1222,100.0
2053_0_20210518,2053,insulin_iv,1222,1222,100.0
2054_0_20210524,2054,timestamp,525,0,0.0
2054_0_20210524,2054,cgm_mg_dl,525,0,0.0
2054_0_20210524,2054,cbg_mg_dl,525,518,98.67
2054_0_20210524,2054,blood_ketone,525,525,100.0
2054_0_20210524,2054,dietary_intake,525,509,96.95
2054_0_20210524,2054,dietary_intake_chinese,525,509,96.95
2054_0_20210524,2054,insulin_sc,525,525,100.0
2054_0_20210524,2054,non_insulin_agents,525,525,100.0
2054_0_20210524,2054,csii_bolus,525,525,100.0
2054_0_20210524,2054,csii_basal,525,525,100.0
2054_0_20210524,2054,insulin_iv,525,525,100.0
2055_0_20210524,2055,timestamp,1045,0,0.0
2055_0_20210524,2055,cgm_mg_dl,1045,0,0.0
2055_0_20210524,2055,cbg_mg_dl,1045,1020,97.61
2055_0_20210524,2055,blood_ketone,1045,1045,100.0
2055_0_20210524,2055,dietary_intake,1045,1009,96.56
2055_0_20210524,2055,dietary_intake_chinese,1045,1009,96.56
2055_0_20210524,2055,insulin_sc,1045,1045,100.0
2055_0_20210524,2055,non_insulin_agents,1045,1012,96.84
2055_0_20210524,2055,csii_bolus,1045,1045,100.0
2055_0_20210524,2055,csii_basal,1045,1045,100.0
2055_0_20210524,2055,insulin_iv,1045,1045,100.0
2055_1_20201207,2055,timestamp,1339,0,0.0
2055_1_20201207,2055,cgm_mg_dl,1339,0,0.0
2055_1_20201207,2055,cbg_mg_dl,1339,1286,96.04
2055_1_20201207,2055,blood_ketone,1339,1339,100.0
2055_1_20201207,2055,dietary_intake,1339,1281,95.67
2055_1_20201207,2055,dietary_intake_chinese,1339,1281,95.67
2055_1_20201207,2055,insulin_sc,1339,1339,100.0
2055_1_20201207,2055,non_insulin_agents,1339,1297,96.86
2055_1_20201207,2055,csii_bolus,1339,1339,100.0
2055_1_20201207,2055,csii_basal,1339,1339,100.0
2055_1_20201207,2055,insulin_iv,1339,1339,100.0
2056_0_20210524,2056,timestamp,567,0,0.0
2056_0_20210524,2056,cgm_mg_dl,567,0,0.0
2056_0_20210524,2056,cbg_mg_dl,567,555,97.88
2056_0_20210524,2056,blood_ketone,567,567,100.0
2056_0_20210524,2056,dietary_intake,567,541,95.41
2056_0_20210524,2056,dietary_intake_chinese,567,541,95.41
2056_0_20210524,2056,insulin_sc,567,567,100.0
2056_0_20210524,2056,non_insulin_agents,567,567,100.0
2056_0_20210524,2056,csii_bolus,567,567,100.0
2056_0_20210524,2056,csii_basal,567,567,100.0
2056_0_20210524,2056,insulin_iv,567,567,100.0
2057_0_20210525,2057,timestamp,1225,0,0.0
2057_0_20210525,2057,cgm_mg_dl,1225,0,0.0
2057_0_20210525,2057,cbg_mg_dl,1225,1225,100.0
2057_0_20210525,2057,blood_ketone,1225,1225,100.0
2057_0_20210525,2057,dietary_intake,1225,1178,96.16
2057_0_20210525,2057,dietary_intake_chinese,1225,1178,96.16
2057_0_20210525,2057,insulin_sc,1225,1203,98.2
2057_0_20210525,2057,non_insulin_agents,1225,1224,99.92
2057_0_20210525,2057,csii_bolus,1225,1225,100.0
2057_0_20210525,2057,csii_basal,1225,1225,100.0
2057_0_20210525,2057,insulin_iv,1225,1225,100.0
2058_0_20210524,2058,timestamp,1282,0,0.0
2058_0_20210524,2058,cgm_mg_dl,1282,0,0.0
2058_0_20210524,2058,cbg_mg_dl,1282,1281,99.92
2058_0_20210524,2058,blood_ketone,1282,1282,100.0
2058_0_20210524,2058,dietary_intake,1282,1242,96.88
2058_0_20210524,2058,dietary_intake_chinese,1282,1242,96.88
2058_0_20210524,2058,insulin_sc,1282,1282,100.0
2058_0_20210524,2058,non_insulin_agents,1282,1257,98.05
2058_0_20210524,2058,csii_bolus,1282,1282,100.0
2058_0_20210524,2058,csii_basal,1282,1282,100.0
2058_0_20210524,2058,insulin_iv,1282,1282,100.0
2059_0_20210525,2059,timestamp,1257,0,0.0
2059_0_20210525,2059,cgm_mg_dl,1257,0,0.0
2059_0_20210525,2059,cbg_mg_dl,1257,1257,100.0
2059_0_20210525,2059,blood_ketone,1257,1257,100.0
2059_0_20210525,2059,dietary_intake,1257,1207,96.02
2059_0_20210525,2059,dietary_intake_chinese,1257,1207,96.02
2059_0_20210525,2059,insulin_sc,1257,1230,97.85
2059_0_20210525,2059,non_insulin_agents,1257,1257,100.0
2059_0_20210525,2059,csii_bolus,1257,1257,100.0
2059_0_20210525,2059,csii_basal,1257,1257,100.0
2059_0_20210525,2059,insulin_iv,1257,1257,100.0
2060_0_20201214,2060,timestamp,1333,0,0.0
2060_0_20201214,2060,cgm_mg_dl,1333,0,0.0
2060_0_20201214,2060,cbg_mg_dl,1333,1309,98.2
2060_0_20201214,2060,blood_ketone,1333,1333,100.0
2060_0_20201214,2060,dietary_intake,1333,1292,96.92
2060_0_20201214,2060,dietary_intake_chinese,1333,1292,96.92
2060_0_20201214,2060,insulin_sc,1333,1333,100.0
2060_0_20201214,2060,non_insulin_agents,1333,1295,97.15
2060_0_20201214,2060,csii_bolus,1333,1333,100.0
2060_0_20201214,2060,csii_basal,1333,1333,100.0
2060_0_20201214,2060,insulin_iv,1333,1333,100.0
2061_0_20210601,2061,timestamp,934,0,0.0
2061_0_20210601,2061,cgm_mg_dl,934,0,0.0
2061_0_20210601,2061,cbg_mg_dl,934,926,99.14
2061_0_20210601,2061,blood_ketone,934,934,100.0
2061_0_20210601,2061,dietary_intake,934,894,95.72
2061_0_20210601,2061,dietary_intake_chinese,934,894,95.72
2061_0_20210601,2061,insulin_sc,934,934,100.0
2061_0_20210601,2061,non_insulin_agents,934,892,95.5
2061_0_20210601,2061,csii_bolus,934,934,100.0
2061_0_20210601,2061,csii_basal,934,934,100.0
2061_0_20210601,2061,insulin_iv,934,934,100.0
2062_0_20210601,2062,timestamp,1205,0,0.0
2062_0_20210601,2062,cgm_mg_dl,1205,0,0.0
2062_0_20210601,2062,cbg_mg_dl,1205,1205,100.0
2062_0_20210601,2062,blood_ketone,1205,1205,100.0
2062_0_20210601,2062,dietary_intake,1205,1168,96.93
2062_0_20210601,2062,dietary_intake_chinese,1205,1168,96.93
2062_0_20210601,2062,insulin_sc,1205,1205,100.0
2062_0_20210601,2062,non_insulin_agents,1205,1205,100.0
2062_0_20210601,2062,csii_bolus,1205,1205,100.0
2062_0_20210601,2062,csii_basal,1205,1205,100.0
2062_0_20210601,2062,insulin_iv,1205,1205,100.0
2063_0_20210608,2063,timestamp,1223,0,0.0
2063_0_20210608,2063,cgm_mg_dl,1223,0,0.0
2063_0_20210608,2063,cbg_mg_dl,1223,1212,99.1
2063_0_20210608,2063,blood_ketone,1223,1223,100.0
2063_0_20210608,2063,dietary_intake,1223,1185,96.89
2063_0_20210608,2063,dietary_intake_chinese,1223,1185,96.89
2063_0_20210608,2063,insulin_sc,1223,1223,100.0
2063_0_20210608,2063,non_insulin_agents,1223,1201,98.2
2063_0_20210608,2063,csii_bolus,1223,1223,100.0
2063_0_20210608,2063,csii_basal,1223,1223,100.0
2063_0_20210608,2063,insulin_iv,1223,1223,100.0
2064_0_20210608,2064,timestamp,1220,0,0.0
2064_0_20210608,2064,cgm_mg_dl,1220,0,0.0
2064_0_20210608,2064,cbg_mg_dl,1220,1205,98.77
2064_0_20210608,2064,blood_ketone,1220,1220,100.0
2064_0_20210608,2064,dietary_intake,1220,1182,96.89
2064_0_20210608,2064,dietary_intake_chinese,1220,1182,96.89
2064_0_20210608,2064,insulin_sc,1220,1220,100.0
2064_0_20210608,2064,non_insulin_agents,1220,1196,98.03
2064_0_20210608,2064,csii_bolus,1220,1220,100.0
2064_0_20210608,2064,csii_basal,1220,1220,100.0
2064_0_20210608,2064,insulin_iv,1220,1220,100.0
2065_0_20210615,2065,timestamp,847,0,0.0
2065_0_20210615,2065,cgm_mg_dl,847,0,0.0
2065_0_20210615,2065,cbg_mg_dl,847,844,99.65
2065_0_20210615,2065,blood_ketone,847,847,100.0
2065_0_20210615,2065,dietary_intake,847,814,96.1
2065_0_20210615,2065,dietary_intake_chinese,847,814,96.1
2065_0_20210615,2065,insulin_sc,847,847,100.0
2065_0_20210615,2065,non_insulin_agents,847,830,97.99
2065_0_20210615,2065,csii_bolus,847,847,100.0
2065_0_20210615,2065,csii_basal,847,847,100.0
2065_0_20210615,2065,insulin_iv,847,847,100.0
2066_0_20210615,2066,timestamp,1220,0,0.0
2066_0_20210615,2066,cgm_mg_dl,1220,0,0.0
2066_0_20210615,2066,cbg_mg_dl,1220,1190,97.54
2066_0_20210615,2066,blood_ketone,1220,1220,100.0
2066_0_20210615,2066,dietary_intake,1220,1181,96.8
2066_0_20210615,2066,dietary_intake_chinese,1220,1181,96.8
2066_0_20210615,2066,insulin_sc,1220,1220,100.0
2066_0_20210615,2066,non_insulin_agents,1220,1206,98.85
2066_0_20210615,2066,csii_bolus,1220,1220,100.0
2066_0_20210615,2066,csii_basal,1220,1220,100.0
2066_0_20210615,2066,insulin_iv,1220,1220,100.0
2067_0_20210615,2067,timestamp,1224,0,0.0
2067_0_20210615,2067,cgm_mg_dl,1224,0,0.0
2067_0_20210615,2067,cbg_mg_dl,1224,1222,99.84
2067_0_20210615,2067,blood_ketone,1224,1224,100.0
2067_0_20210615,2067,dietary_intake,1224,1187,96.98
2067_0_20210615,2067,dietary_intake_chinese,1224,1187,96.98
2067_0_20210615,2067,insulin_sc,1224,1224,100.0
2067_0_20210615,2067,non_insulin_agents,1224,1211,98.94
2067_0_20210615,2067,csii_bolus,1224,1224,100.0
2067_0_20210615,2067,csii_basal,1224,1224,100.0
2067_0_20210615,2067,insulin_iv,1224,1224,100.0
2068_0_20210616,2068,timestamp,1264,0,0.0
2068_0_20210616,2068,cgm_mg_dl,1264,0,0.0
2068_0_20210616,2068,cbg_mg_dl,1264,1259,99.6
2068_0_20210616,2068,blood_ketone,1264,1264,100.0
2068_0_20210616,2068,dietary_intake,1264,1226,96.99
2068_0_20210616,2068,dietary_intake_chinese,1264,1226,96.99
2068_0_20210616,2068,insulin_sc,1264,1264,100.0
2068_0_20210616,2068,non_insulin_agents,1264,1226,96.99
2068_0_20210616,2068,csii_bolus,1264,1264,100.0
2068_0_20210616,2068,csii_basal,1264,1264,100.0
2068_0_20210616,2068,insulin_iv,1264,1264,100.0
2069_0_20210621,2069,timestamp,1243,0,0.0
2069_0_20210621,2069,cgm_mg_dl,1243,0,0.0
2069_0_20210621,2069,cbg_mg_dl,1243,1243,100.0
2069_0_20210621,2069,blood_ketone,1243,1243,100.0
2069_0_20210621,2069,dietary_intake,1243,1205,96.94
2069_0_20210621,2069,dietary_intake_chinese,1243,1205,96.94
2069_0_20210621,2069,insulin_sc,1243,1243,100.0
2069_0_20210621,2069,non_insulin_agents,1243,1205,96.94
2069_0_20210621,2069,csii_bolus,1243,1243,100.0
2069_0_20210621,2069,csii_basal,1243,1243,100.0
2069_0_20210621,2069,insulin_iv,1243,1243,100.0
2069_1_20210705,2069,timestamp,1244,0,0.0
2069_1_20210705,2069,cgm_mg_dl,1244,0,0.0
2069_1_20210705,2069,cbg_mg_dl,1244,1243,99.92
2069_1_20210705,2069,blood_ketone,1244,1244,100.0
2069_1_20210705,2069,dietary_intake,1244,1203,96.7
2069_1_20210705,2069,dietary_intake_chinese,1244,1203,96.7
2069_1_20210705,2069,insulin_sc,1244,1244,100.0
2069_1_20210705,2069,non_insulin_agents,1244,1205,96.86
2069_1_20210705,2069,csii_bolus,1244,1244,100.0
2069_1_20210705,2069,csii_basal,1244,1244,100.0
2069_1_20210705,2069,insulin_iv,1244,1244,100.0
2069_2_20210825,2069,timestamp,1237,0,0.0
2069_2_20210825,2069,cgm_mg_dl,1237,0,0.0
2069_2_20210825,2069,cbg_mg_dl,1237,1237,100.0
2069_2_20210825,2069,blood_ketone,1237,1237,100.0
2069_2_20210825,2069,dietary_intake,1237,1198,96.85
2069_2_20210825,2069,dietary_intake_chinese,1237,1198,96.85
2069_2_20210825,2069,insulin_sc,1237,1186,95.88
2069_2_20210825,2069,non_insulin_agents,1237,1229,99.35
2069_2_20210825,2069,csii_bolus,1237,1237,100.0
2069_2_20210825,2069,csii_basal,1237,1237,100.0
2069_2_20210825,2069,insulin_iv,1237,1237,100.0
2070_0_20210629,2070,timestamp,1230,0,0.0
2070_0_20210629,2070,cgm_mg_dl,1230,0,0.0
2070_0_20210629,2070,cbg_mg_dl,1230,1230,100.0
2070_0_20210629,2070,blood_ketone,1230,1230,100.0
2070_0_20210629,2070,dietary_intake,1230,1192,96.91
2070_0_20210629,2070,dietary_intake_chinese,1230,1192,96.91
2070_0_20210629,2070,insulin_sc,1230,1225,99.59
2070_0_20210629,2070,non_insulin_agents,1230,1219,99.11
2070_0_20210629,2070,csii_bolus,1230,1230,100.0
2070_0_20210629,2070,csii_basal,1230,1230,100.0
2070_0_20210629,2070,insulin_iv,1230,1230,100.0
2071_0_20210705,2071,timestamp,1292,0,0.0
2071_0_20210705,2071,cgm_mg_dl,1292,0,0.0
2071_0_20210705,2071,cbg_mg_dl,1292,1272,98.45
2071_0_20210705,2071,blood_ketone,1292,1292,100.0
2071_0_20210705,2071,dietary_intake,1292,1253,96.98
2071_0_20210705,2071,dietary_intake_chinese,1292,1253,96.98
2071_0_20210705,2071,insulin_sc,1292,1292,100.0
2071_0_20210705,2071,non_insulin_agents,1292,1278,98.92
2071_0_20210705,2071,csii_bolus,1292,1292,100.0
2071_0_20210705,2071,csii_basal,1292,1292,100.0
2071_0_20210705,2071,insulin_iv,1292,1292,100.0
2072_0_20210706,2072,timestamp,1220,0,0.0
2072_0_20210706,2072,cgm_mg_dl,1220,0,0.0
2072_0_20210706,2072,cbg_mg_dl,1220,1183,96.97
2072_0_20210706,2072,blood_ketone,1220,1220,100.0
2072_0_20210706,2072,dietary_intake,1220,1177,96.48
2072_0_20210706,2072,dietary_intake_chinese,1220,1177,96.48
2072_0_20210706,2072,insulin_sc,1220,1220,100.0
2072_0_20210706,2072,non_insulin_agents,1220,1182,96.89
2072_0_20210706,2072,csii_bolus,1220,1220,100.0
2072_0_20210706,2072,csii_basal,1220,1220,100.0
2072_0_20210706,2072,insulin_iv,1220,1220,100.0
2073_0_20210703,2073,timestamp,1339,0,0.0
2073_0_20210703,2073,cgm_mg_dl,1339,0,0.0
2073_0_20210703,2073,cbg_mg_dl,1339,1338,99.93
2073_0_20210703,2073,blood_ketone,1339,1339,100.0
2073_0_20210703,2073,dietary_intake,1339,1297,96.86
2073_0_20210703,2073,dietary_intake_chinese,1339,1297,96.86
2073_0_20210703,2073,insulin_sc,1339,1311,97.91
2073_0_20210703,2073,non_insulin_agents,1339,1339,100.0
2073_0_20210703,2073,csii_bolus,1339,1339,100.0
2073_0_20210703,2073,csii_basal,1339,1339,100.0
2073_0_20210703,2073,insulin_iv,1339,1339,100.0
2074_0_20210707,2074,timestamp,1145,0,0.0
2074_0_20210707,2074,cgm_mg_dl,1145,0,0.0
2074_0_20210707,2074,cbg_mg_dl,1145,1145,100.0
2074_0_20210707,2074,blood_ketone,1145,1145,100.0
2074_0_20210707,2074,dietary_intake,1145,1109,96.86
2074_0_20210707,2074,dietary_intake_chinese,1145,1109,96.86
2074_0_20210707,2074,insulin_sc,1145,1097,95.81
2074_0_20210707,2074,non_insulin_agents,1145,1145,100.0
2074_0_20210707,2074,csii_bolus,1145,1145,100.0
2074_0_20210707,2074,csii_basal,1145,1145,100.0
2074_0_20210707,2074,insulin_iv,1145,1145,100.0
2074_1_20210720,2074,timestamp,978,0,0.0
2074_1_20210720,2074,cgm_mg_dl,978,0,0.0
2074_1_20210720,2074,cbg_mg_dl,978,976,99.8
2074_1_20210720,2074,blood_ketone,978,978,100.0
2074_1_20210720,2074,dietary_intake,978,947,96.83
2074_1_20210720,2074,dietary_intake_chinese,978,947,96.83
2074_1_20210720,2074,insulin_sc,978,937,95.81
2074_1_20210720,2074,non_insulin_agents,978,978,100.0
2074_1_20210720,2074,csii_bolus,978,978,100.0
2074_1_20210720,2074,csii_basal,978,978,100.0
2074_1_20210720,2074,insulin_iv,978,978,100.0
2075_0_20210720,2075,timestamp,938,0,0.0
2075_0_20210720,2075,cgm_mg_dl,938,0,0.0
2075_0_20210720,2075,cbg_mg_dl,938,928,98.93
2075_0_20210720,2075,blood_ketone,938,938,100.0
2075_0_20210720,2075,dietary_intake,938,905,96.48
2075_0_20210720,2075,dietary_intake_chinese,938,905,96.48
2075_0_20210720,2075,insulin_sc,938,938,100.0
2075_0_20210720,2075,non_insulin_agents,938,907,96.7
2075_0_20210720,2075,csii_bolus,938,938,100.0
2075_0_20210720,2075,csii_basal,938,938,100.0
2075_0_20210720,2075,insulin_iv,938,938,100.0
2076_0_20210720,2076,timestamp,1218,0,0.0
2076_0_20210720,2076,cgm_mg_dl,1218,0,0.0
2076_0_20210720,2076,cbg_mg_dl,1218,1218,100.0
2076_0_20210720,2076,blood_ketone,1218,1218,100.0
2076_0_20210720,2076,dietary_intake,1218,1182,97.04
2076_0_20210720,2076,dietary_intake_chinese,1218,1182,97.04
2076_0_20210720,2076,insulin_sc,1218,1205,98.93
2076_0_20210720,2076,non_insulin_agents,1218,1207,99.1
2076_0_20210720,2076,csii_bolus,1218,1218,100.0
2076_0_20210720,2076,csii_basal,1218,1218,100.0
2076_0_20210720,2076,insulin_iv,1218,1218,100.0
2077_0_20210803,2077,timestamp,1023,0,0.0
2077_0_20210803,2077,cgm_mg_dl,1023,0,0.0
2077_0_20210803,2077,cbg_mg_dl,1023,990,96.77
2077_0_20210803,2077,blood_ketone,1023,1023,100.0
2077_0_20210803,2077,dietary_intake,1023,990,96.77
2077_0_20210803,2077,dietary_intake_chinese,1023,990,96.77
2077_0_20210803,2077,insulin_sc,1023,1023,100.0
2077_0_20210803,2077,non_insulin_agents,1023,1001,97.85
2077_0_20210803,2077,csii_bolus,1023,1023,100.0
2077_0_20210803,2077,csii_basal,1023,1023,100.0
2077_0_20210803,2077,insulin_iv,1023,1023,100.0
2078_0_20210803,2078,timestamp,1339,0,0.0
2078_0_20210803,2078,cgm_mg_dl,1339,0,0.0
2078_0_20210803,2078,cbg_mg_dl,1339,1332,99.48
2078_0_20210803,2078,blood_ketone,1339,1339,100.0
2078_0_20210803,2078,dietary_intake,1339,1295,96.71
2078_0_20210803,2078,dietary_intake_chinese,1339,1295,96.71
2078_0_20210803,2078,insulin_sc,1339,1339,100.0
2078_0_20210803,2078,non_insulin_agents,1339,1299,97.01
2078_0_20210803,2078,csii_bolus,1339,1339,100.0
2078_0_20210803,2078,csii_basal,1339,1339,100.0
2078_0_20210803,2078,insulin_iv,1339,1339,100.0
2078_1_20210817,2078,timestamp,1333,0,0.0
2078_1_20210817,2078,cgm_mg_dl,1333,0,0.0
2078_1_20210817,2078,cbg_mg_dl,1333,1326,99.47
2078_1_20210817,2078,blood_ketone,1333,1333,100.0
2078_1_20210817,2078,dietary_intake,1333,1283,96.25
2078_1_20210817,2078,dietary_intake_chinese,1333,1283,96.25
2078_1_20210817,2078,insulin_sc,1333,1333,100.0
2078_1_20210817,2078,non_insulin_agents,1333,1304,97.82
2078_1_20210817,2078,csii_bolus,1333,1332,99.92
2078_1_20210817,2078,csii_basal,1333,1333,100.0
2078_1_20210817,2078,insulin_iv,1333,1333,100.0
2079_0_20210809,2079,timestamp,1333,0,0.0
2079_0_20210809,2079,cgm_mg_dl,1333,0,0.0
2079_0_20210809,2079,cbg_mg_dl,1333,1333,100.0
2079_0_20210809,2079,blood_ketone,1333,1333,100.0
2079_0_20210809,2079,dietary_intake,1333,1291,96.85
2079_0_20210809,2079,dietary_intake_chinese,1333,1291,96.85
2079_0_20210809,2079,insulin_sc,1333,1333,100.0
2079_0_20210809,2079,non_insulin_agents,1333,1305,97.9
2079_0_20210809,2079,csii_bolus,1333,1333,100.0
2079_0_20210809,2079,csii_basal,1333,1333,100.0
2079_0_20210809,2079,insulin_iv,1333,1333,100.0
2080_0_20210816,2080,timestamp,1329,0,0.0
2080_0_20210816,2080,cgm_mg_dl,1329,0,0.0
2080_0_20210816,2080,cbg_mg_dl,1329,1320,99.32
2080_0_20210816,2080,blood_ketone,1329,1329,100.0
2080_0_20210816,2080,dietary_intake,1329,1277,96.09
2080_0_20210816,2080,dietary_intake_chinese,1329,1277,96.09
2080_0_20210816,2080,insulin_sc,1329,1329,100.0
2080_0_20210816,2080,non_insulin_agents,1329,1301,97.89
2080_0_20210816,2080,csii_bolus,1329,1329,100.0
2080_0_20210816,2080,csii_basal,1329,1329,100.0
2080_0_20210816,2080,insulin_iv,1329,1329,100.0
2081_0_20210817,2081,timestamp,1221,0,0.0
2081_0_20210817,2081,cgm_mg_dl,1221,0,0.0
2081_0_20210817,2081,cbg_mg_dl,1221,1216,99.59
2081_0_20210817,2081,blood_ketone,1221,1221,100.0
2081_0_20210817,2081,dietary_intake,1221,1183,96.89
2081_0_20210817,2081,dietary_intake_chinese,1221,1183,96.89
2081_0_20210817,2081,insulin_sc,1221,1221,100.0
2081_0_20210817,2081,non_insulin_agents,1221,1189,97.38
2081_0_20210817,2081,csii_bolus,1221,1221,100.0
2081_0_20210817,2081,csii_basal,1221,1221,100.0
2081_0_20210817,2081,insulin_iv,1221,1221,100.0
2082_0_20210907,2082,timestamp,1047,0,0.0
2082_0_20210907,2082,cgm_mg_dl,1047,0,0.0
2082_0_20210907,2082,cbg_mg_dl,1047,967,92.36
2082_0_20210907,2082,blood_ketone,1047,1047,100.0
2082_0_20210907,2082,dietary_intake,1047,1014,96.85
2082_0_20210907,2082,dietary_intake_chinese,1047,1014,96.85
2082_0_20210907,2082,insulin_sc,1047,1047,100.0
2082_0_20210907,2082,non_insulin_agents,1047,1036,98.95
2082_0_20210907,2082,csii_bolus,1047,1047,100.0
2082_0_20210907,2082,csii_basal,1047,1047,100.0
2082_0_20210907,2082,insulin_iv,1047,1047,100.0
2083_0_20201214,2083,timestamp,1331,0,0.0
2083_0_20201214,2083,cgm_mg_dl,1331,0,0.0
2083_0_20201214,2083,cbg_mg_dl,1331,1236,92.86
2083_0_20201214,2083,blood_ketone,1331,1331,100.0
2083_0_20201214,2083,dietary_intake,1331,1287,96.69
2083_0_20201214,2083,dietary_intake_chinese,1331,1287,96.69
2083_0_20201214,2083,insulin_sc,1331,1317,98.95
2083_0_20201214,2083,non_insulin_agents,1331,1290,96.92
2083_0_20201214,2083,csii_bolus,1331,1331,100.0
2083_0_20201214,2083,csii_basal,1331,1331,100.0
2083_0_20201214,2083,insulin_iv,1331,1331,100.0
2084_0_20211013,2084,timestamp,663,0,0.0
2084_0_20211013,2084,cgm_mg_dl,663,0,0.0
2084_0_20211013,2084,cbg_mg_dl,663,657,99.1
2084_0_20211013,2084,blood_ketone,663,663,100.0
2084_0_20211013,2084,dietary_intake,663,636,95.93
2084_0_20211013,2084,dietary_intake_chinese,663,636,95.93
2084_0_20211013,2084,insulin_sc,663,663,100.0
2084_0_20211013,2084,non_insulin_agents,663,656,98.94
2084_0_20211013,2084,csii_bolus,663,663,100.0
2084_0_20211013,2084,csii_basal,663,663,100.0
2084_0_20211013,2084,insulin_iv,663,663,100.0
2085_0_20200907,2085,timestamp,1339,0,0.0
2085_0_20200907,2085,cgm_mg_dl,1339,0,0.0
2085_0_20200907,2085,cbg_mg_dl,1339,1339,100.0
2085_0_20200907,2085,blood_ketone,1339,1339,100.0
2085_0_20200907,2085,dietary_intake,1339,1286,96.04
2085_0_20200907,2085,dietary_intake_chinese,1339,1286,96.04
2085_0_20200907,2085,insulin_sc,1339,1339,100.0
2085_0_20200907,2085,non_insulin_agents,1339,1339,100.0
2085_0_20200907,2085,csii_bolus,1339,1339,100.0
2085_0_20200907,2085,csii_basal,1339,1339,100.0
2085_0_20200907,2085,insulin_iv,1339,1339,100.0
2086_0_20200914,2086,timestamp,1338,0,0.0
2086_0_20200914,2086,cgm_mg_dl,1338,0,0.0
2086_0_20200914,2086,cbg_mg_dl,1338,1338,100.0
2086_0_20200914,2086,blood_ketone,1338,1338,100.0
2086_0_20200914,2086,dietary_intake,1338,1296,96.86
2086_0_20200914,2086,dietary_intake_chinese,1338,1296,96.86
2086_0_20200914,2086,insulin_sc,1338,1338,100.0
2086_0_20200914,2086,non_insulin_agents,1338,1296,96.86
2086_0_20200914,2086,csii_bolus,1338,1338,100.0
2086_0_20200914,2086,csii_basal,1338,1338,100.0
2086_0_20200914,2086,insulin_iv,1338,1338,100.0
2087_0_20201012,2087,timestamp,1339,0,0.0
2087_0_20201012,2087,cgm_mg_dl,1339,0,0.0
2087_0_20201012,2087,cbg_mg_dl,1339,1336,99.78
2087_0_20201012,2087,blood_ketone,1339,1339,100.0
2087_0_20201012,2087,dietary_intake,1339,1277,95.37
2087_0_20201012,2087,dietary_intake_chinese,1339,1277,95.37
2087_0_20201012,2087,insulin_sc,1339,1339,100.0
2087_0_20201012,2087,non_insulin_agents,1339,1320,98.58
2087_0_20201012,2087,csii_bolus,1339,1339,100.0
2087_0_20201012,2087,csii_basal,1339,1339,100.0
2087_0_20201012,2087,insulin_iv,1339,1339,100.0
2088_0_20201123,2088,timestamp,1332,0,0.0
2088_0_20201123,2088,cgm_mg_dl,1332,0,0.0
2088_0_20201123,2088,cbg_mg_dl,1332,1247,93.62
2088_0_20201123,2088,blood_ketone,1332,1332,100.0
2088_0_20201123,2088,dietary_intake,1332,1291,96.92
2088_0_20201123,2088,dietary_intake_chinese,1332,1291,96.92
2088_0_20201123,2088,insulin_sc,1332,1332,100.0
2088_0_20201123,2088,non_insulin_agents,1332,1292,97.0
2088_0_20201123,2088,csii_bolus,1332,1332,100.0
2088_0_20201123,2088,csii_basal,1332,1332,100.0
2088_0_20201123,2088,insulin_iv,1332,1332,100.0
2089_0_20201019,2089,timestamp,1334,0,0.0
2089_0_20201019,2089,cgm_mg_dl,1334,0,0.0
2089_0_20201019,2089,cbg_mg_dl,1334,1322,99.1
2089_0_20201019,2089,blood_ketone,1334,1334,100.0
2089_0_20201019,2089,dietary_intake,1334,1287,96.48
2089_0_20201019,2089,dietary_intake_chinese,1334,1287,96.48
2089_0_20201019,2089,insulin_sc,1334,1334,100.0
2089_0_20201019,2089,non_insulin_agents,1334,1280,95.95
2089_0_20201019,2089,csii_bolus,1334,1334,100.0
2089_0_20201019,2089,csii_basal,1334,1334,100.0
2089_0_20201019,2089,insulin_iv,1334,1334,100.0
2090_0_20201130,2090,timestamp,1330,0,0.0
2090_0_20201130,2090,cgm_mg_dl,1330,0,0.0
2090_0_20201130,2090,cbg_mg_dl,1330,1261,94.81
2090_0_20201130,2090,blood_ketone,1330,1330,100.0
2090_0_20201130,2090,dietary_intake,1330,1288,96.84
2090_0_20201130,2090,dietary_intake_chinese,1330,1288,96.84
2090_0_20201130,2090,insulin_sc,1330,1274,95.79
2090_0_20201130,2090,non_insulin_agents,1330,1288,96.84
2090_0_20201130,2090,csii_bolus,1330,1330,100.0
2090_0_20201130,2090,csii_basal,1330,1330,100.0
2090_0_20201130,2090,insulin_iv,1330,1330,100.0
2091_0_20201029,2091,timestamp,1339,0,0.0
2091_0_20201029,2091,cgm_mg_dl,1339,0,0.0
2091_0_20201029,2091,cbg_mg_dl,1339,1337,99.85
2091_0_20201029,2091,blood_ketone,1339,1339,100.0
2091_0_20201029,2091,dietary_intake,1339,1293,96.56
2091_0_20201029,2091,dietary_intake_chinese,1339,1293,96.56
2091_0_20201029,2091,insulin_sc,1339,1339,100.0
2091_0_20201029,2091,non_insulin_agents,1339,1311,97.91
2091_0_20201029,2091,csii_bolus,1339,1339,100.0
2091_0_20201029,2091,csii_basal,1339,1339,100.0
2091_0_20201029,2091,insulin_iv,1339,1339,100.0
2092_0_20201109,2092,timestamp,1333,0,0.0
2092_0_20201109,2092,cgm_mg_dl,1333,0,0.0
2092_0_20201109,2092,cbg_mg_dl,1333,1256,94.22
2092_0_20201109,2092,blood_ketone,1333,1333,100.0
2092_0_20201109,2092,dietary_intake,1333,1290,96.77
2092_0_20201109,2092,dietary_intake_chinese,1333,1290,96.77
2092_0_20201109,2092,insulin_sc,1333,1333,100.0
2092_0_20201109,2092,non_insulin_agents,1333,1277,95.8
2092_0_20201109,2092,csii_bolus,1333,1333,100.0
2092_0_20201109,2092,csii_basal,1333,1333,100.0
2092_0_20201109,2092,insulin_iv,1333,1333,100.0
2093_0_20201109,2093,timestamp,1339,0,0.0
2093_0_20201109,2093,cgm_mg_dl,1339,0,0.0
2093_0_20201109,2093,cbg_mg_dl,1339,1293,96.56
2093_0_20201109,2093,blood_ketone,1339,1339,100.0
2093_0_20201109,2093,dietary_intake,1339,1281,95.67
2093_0_20201109,2093,dietary_intake_chinese,1339,1281,95.67
2093_0_20201109,2093,insulin_sc,1339,1339,100.0
2093_0_20201109,2093,non_insulin_agents,1339,1297,96.86
2093_0_20201109,2093,csii_bolus,1339,1339,100.0
2093_0_20201109,2093,csii_basal,1339,1339,100.0
2093_0_20201109,2093,insulin_iv,1339,1339,100.0
2094_0_20211109,2094,timestamp,1338,0,0.0
2094_0_20211109,2094,cgm_mg_dl,1338,0,0.0
2094_0_20211109,2094,cbg_mg_dl,1338,1325,99.03
2094_0_20211109,2094,blood_ketone,1338,1338,100.0
2094_0_20211109,2094,dietary_intake,1338,1293,96.64
2094_0_20211109,2094,dietary_intake_chinese,1338,1293,96.64
2094_0_20211109,2094,insulin_sc,1338,1298,97.01
2094_0_20211109,2094,non_insulin_agents,1338,1313,98.13
2094_0_20211109,2094,csii_bolus,1338,1338,100.0
2094_0_20211109,2094,csii_basal,1338,1338,100.0
2094_0_20211109,2094,insulin_iv,1338,1338,100.0
2095_0_20201116,2095,timestamp,1329,0,0.0
2095_0_20201116,2095,cgm_mg_dl,1329,0,0.0
2095_0_20201116,2095,cbg_mg_dl,1329,1284,96.61
2095_0_20201116,2095,blood_ketone,1329,1329,100.0
2095_0_20201116,2095,dietary_intake,1329,1289,96.99
2095_0_20201116,2095,dietary_intake_chinese,1329,1289,96.99
2095_0_20201116,2095,insulin_sc,1329,1302,97.97
2095_0_20201116,2095,non_insulin_agents,1329,1291,97.14
2095_0_20201116,2095,csii_bolus,1329,1329,100.0
2095_0_20201116,2095,csii_basal,1329,1329,100.0
2095_0_20201116,2095,insulin_iv,1329,1329,100.0
2096_0_20201116,2096,timestamp,1328,0,0.0
2096_0_20201116,2096,cgm_mg_dl,1328,0,0.0
2096_0_20201116,2096,cbg_mg_dl,1328,1326,99.85
2096_0_20201116,2096,blood_ketone,1328,1328,100.0
2096_0_20201116,2096,dietary_intake,1328,1285,96.76
2096_0_20201116,2096,dietary_intake_chinese,1328,1285,96.76
2096_0_20201116,2096,insulin_sc,1328,1328,100.0
2096_0_20201116,2096,non_insulin_agents,1328,1314,98.95
2096_0_20201116,2096,csii_bolus,1328,1328,100.0
2096_0_20201116,2096,csii_basal,1328,1328,100.0
2096_0_20201116,2096,insulin_iv,1328,1328,100.0
2097_0_20201116,2097,timestamp,1337,0,0.0
2097_0_20201116,2097,cgm_mg_dl,1337,0,0.0
2097_0_20201116,2097,cbg_mg_dl,1337,1311,98.06
2097_0_20201116,2097,blood_ketone,1337,1337,100.0
2097_0_20201116,2097,dietary_intake,1337,1289,96.41
2097_0_20201116,2097,dietary_intake_chinese,1337,1289,96.41
2097_0_20201116,2097,insulin_sc,1337,1323,98.95
2097_0_20201116,2097,non_insulin_agents,1337,1308,97.83
2097_0_20201116,2097,csii_bolus,1337,1337,100.0
2097_0_20201116,2097,csii_basal,1337,1337,100.0
2097_0_20201116,2097,insulin_iv,1337,1337,100.0
2098_0_20201106,2098,timestamp,1325,0,0.0
2098_0_20201106,2098,cgm_mg_dl,1325,0,0.0
2098_0_20201106,2098,cbg_mg_dl,1325,1325,100.0
2098_0_20201106,2098,blood_ketone,1325,1325,100.0
2098_0_20201106,2098,dietary_intake,1325,1279,96.53
2098_0_20201106,2098,dietary_intake_chinese,1325,1279,96.53
2098_0_20201106,2098,insulin_sc,1325,1325,100.0
2098_0_20201106,2098,non_insulin_agents,1325,1311,98.94
2098_0_20201106,2098,csii_bolus,1325,1325,100.0
2098_0_20201106,2098,csii_basal,1325,1325,100.0
2098_0_20201106,2098,insulin_iv,1325,1325,100.0
2099_0_20201116,2099,timestamp,1329,0,0.0
2099_0_20201116,2099,cgm_mg_dl,1329,0,0.0
2099_0_20201116,2099,cbg_mg_dl,1329,1323,99.55
2099_0_20201116,2099,blood_ketone,1329,1329,100.0
2099_0_20201116,2099,dietary_intake,1329,1288,96.91
2099_0_20201116,2099,dietary_intake_chinese,1329,1288,96.91
2099_0_20201116,2099,insulin_sc,1329,1329,100.0
2099_0_20201116,2099,non_insulin_agents,1329,1329,100.0
2099_0_20201116,2099,csii_bolus,1329,1329,100.0
2099_0_20201116,2099,csii_basal,1329,1329,100.0
2099_0_20201116,2099,insulin_iv,1329,1329,100.0
