participant_id,session_id,rows,rows_with_recent_meal_2h,rows_with_meal_at_t,recorded_meal_events
2000,2000_0_20201230,1333,369,41,41
2001,2001_0_20201102,1189,361,40,41
2001,2001_1_20201117,1333,397,46,46
2002,2002_0_20210513,565,161,17,18
2003,2003_0_20210615,663,185,20,21
2004,2004_0_20211028,478,144,16,16
2005,2005_0_20211201,685,201,23,23
2006,2006_0_20211112,474,135,15,15
2007,2007_0_20220108,825,226,25,26
2008,2008_0_20220118,527,142,15,16
2009,2009_0_20211103,488,142,16,16
2010,2010_0_20220111,533,139,16,16
2011,2011_0_20220123,456,128,14,15
2012,2012_0_20220126,282,67,8,8
2013,2013_0_20220123,344,91,10,11
2014,2014_0_20201224,1327,471,54,55
2014,2014_1_20210317,1333,373,42,42
2015,2015_0_20210203,1333,401,45,45
2015,2015_1_20210219,1312,398,44,45
2016,2016_0_20201224,1333,411,49,50
2017,2017_0_20210102,1331,438,50,51
2017,2017_1_20201118,1331,445,54,55
2018,2018_0_20210420,1225,428,50,51
2019,2019_0_20210513,745,206,24,25
2020,2020_0_20210423,533,115,13,13
2021,2021_0_20211013,1129,323,35,36
2022,2022_0_20210419,939,257,28,30
2023,2023_0_20210812,529,136,16,17
2024,2024_0_20210429,723,186,20,22
2025,2025_0_20210506,755,208,24,24
2026,2026_0_20210916,1130,319,36,37
2027,2027_0_20210521,1127,315,35,37
2028,2028_0_20210426,817,231,25,26
2029,2029_0_20210526,820,233,25,27
2030,2030_0_20210531,940,246,28,28
2031,2031_0_20210601,916,249,28,29
2032,2032_0_20210727,275,98,10,11
2033,2033_0_20210615,720,194,21,22
2034,2034_0_20210624,381,106,12,12
2035,2035_0_20210629,241,59,6,7
2036,2036_0_20210803,525,131,15,15
2037,2037_0_20201221,1332,371,42,42
2038,2038_0_20210608,540,165,18,19
2039,2039_0_20210615,627,167,18,20
2040,2040_0_20210729,1013,279,32,32
2041,2041_0_20210813,386,108,12,12
2042,2042_0_20211019,394,124,14,14
2043,2043_0_20210513,819,216,24,25
2044,2044_0_20211101,635,189,22,23
2045,2045_0_20201216,1333,571,64,64
2046,2046_0_20201216,1141,324,36,37
2047,2047_0_20210420,1211,410,48,48
2048,2048_0_20210426,1229,345,39,39
2049,2049_0_20210426,1127,306,34,35
2050,2050_0_20210510,1272,413,50,50
2051,2051_0_20210512,1212,349,39,39
2052,2052_0_20210511,1243,368,41,41
2053,2053_0_20210518,1216,321,36,36
2054,2054_0_20210524,519,144,16,16
2055,2055_0_20210524,1039,313,36,36
2055,2055_1_20201207,1333,476,57,58
2056,2056_0_20210524,561,211,24,26
2057,2057_0_20210525,1219,417,47,47
2058,2058_0_20210524,1276,354,40,40
2059,2059_0_20210525,1251,442,50,50
2060,2060_0_20201214,1327,367,40,41
2061,2061_0_20210601,928,347,40,40
2062,2062_0_20210601,1199,333,37,37
2063,2063_0_20210608,1217,338,38,38
2064,2064_0_20210608,1214,334,38,38
2065,2065_0_20210615,841,281,32,33
2066,2066_0_20210615,1214,340,38,39
2067,2067_0_20210615,1218,327,37,37
2068,2068_0_20210616,1258,338,38,38
2069,2069_0_20210621,1237,342,38,38
2069,2069_1_20210705,1238,369,41,41
2069,2069_2_20210825,1231,351,39,39
2070,2070_0_20210629,1224,342,38,38
2071,2071_0_20210705,1286,350,39,39
2072,2072_0_20210706,1214,375,43,43
2073,2073_0_20210703,1333,378,42,42
2074,2074_0_20210707,1139,323,36,36
2074,2074_1_20210720,972,275,31,31
2075,2075_0_20210720,932,287,32,33
2076,2076_0_20210720,1212,320,36,36
2077,2077_0_20210803,1017,279,32,33
2078,2078_0_20210803,1333,392,44,44
2078,2078_1_20210817,1327,428,50,50
2079,2079_0_20210809,1327,369,41,42
2080,2080_0_20210816,1312,440,50,52
2081,2081_0_20210817,1215,340,38,38
2082,2082_0_20210907,1041,288,32,33
2083,2083_0_20201214,1325,388,44,44
2084,2084_0_20211013,651,230,26,27
2085,2085_0_20200907,1333,451,53,53
2086,2086_0_20200914,1332,370,42,42
2087,2087_0_20201012,1333,542,60,62
2088,2088_0_20201123,1326,360,40,41
2089,2089_0_20201019,1328,409,46,47
2090,2090_0_20201130,1324,365,40,42
2091,2091_0_20201029,1333,396,46,46
2092,2092_0_20201109,1327,378,42,43
2093,2093_0_20201109,1333,480,58,58
2094,2094_0_20211109,1332,403,45,45
2095,2095_0_20201116,1302,356,40,40
2096,2096_0_20201116,1322,381,43,43
2097,2097_0_20201116,1331,412,47,48
2098,2098_0_20201106,1319,400,45,46
2099,2099_0_20201116,1323,359,41,41
