feature,meaning,unit,uses_future_information
current_glucose,CGM glucose at prediction time t,mg/dL,No
glucose_lag_15min,CGM glucose exactly 15 minutes before t,mg/dL,No
glucose_lag_30min,CGM glucose exactly 30 minutes before t,mg/dL,No
glucose_lag_45min,CGM glucose exactly 45 minutes before t,mg/dL,No
glucose_lag_60min,CGM glucose exactly 60 minutes before t,mg/dL,No
glucose_change_15min,Current glucose minus 15-minute lag,mg/dL,No
glucose_change_30min,Current glucose minus 30-minute lag,mg/dL,No
glucose_slope_15min,15-minute glucose change divided by 15,mg/dL/min,No
rolling_glucose_mean_60min,Mean glucose from t-60 min through t,mg/dL,No
rolling_glucose_std_60min,Glucose variability from t-60 min through t,mg/dL,No
rolling_glucose_min_60min,Minimum glucose from t-60 min through t,mg/dL,No
rolling_glucose_max_60min,Maximum glucose from t-60 min through t,mg/dL,No
