session_id,participant_id,rows,valid_timestamps,invalid_timestamps,duplicate_timestamps,valid_cgm,missing_cgm,missing_cgm_percent,start_time,end_time,duration_days,median_interval_min,min_interval_min,max_interval_min,approx_15_min_percent,gaps_over_30_min,meal_entries
2000_0_20201230,2000,1339,1339,0,0,1339,0,0.0,2020-12-30 13:54:00,2021-01-13 12:24:00,13.94,15.0,15.0,15.0,100.0,0,41
2001_0_20201102,2001,1195,1195,0,0,1195,0,0.0,2020-11-02 09:40:00,2020-11-14 20:10:00,12.44,15.0,15.0,15.0,100.0,0,41
2001_1_20201117,2001,1339,1339,0,0,1339,0,0.0,2020-11-17 09:19:00,2020-12-01 07:49:00,13.94,15.0,15.0,15.0,100.0,0,46
2002_0_20210513,2002,571,571,0,0,571,0,0.0,2021-05-13 16:22:00,2021-05-19 14:52:00,5.94,15.0,15.0,15.0,100.0,0,18
2003_0_20210615,2003,669,669,0,0,669,0,0.0,2021-06-15 17:20:00,2021-06-22 16:20:00,6.96,15.0,15.0,15.0,100.0,0,21
2004_0_20211028,2004,484,484,0,0,484,0,0.0,2021-10-28 14:28:00,2021-11-02 15:13:00,5.03,15.0,15.0,15.0,100.0,0,16
2005_0_20211201,2005,691,691,0,0,691,0,0.0,2021-12-01 15:55:00,2021-12-08 20:25:00,7.19,15.0,15.0,15.0,100.0,0,23
2006_0_20211112,2006,480,480,0,0,480,0,0.0,2021-11-12 15:20:00,2021-11-17 15:05:00,4.99,15.0,15.0,15.0,100.0,0,15
2007_0_20220108,2007,831,831,0,0,831,0,0.0,2022-01-08 16:46:00,2022-01-17 08:16:00,8.65,15.0,15.0,15.0,100.0,0,26
2008_0_20220118,2008,533,533,0,0,533,0,0.0,2022-01-18 16:29:00,2022-01-24 05:29:00,5.54,15.0,15.0,15.0,100.0,0,16
2009_0_20211103,2009,494,494,0,0,494,0,0.0,2021-11-03 09:43:00,2021-11-08 12:58:00,5.14,15.0,15.0,15.0,100.0,0,16
2010_0_20220111,2010,539,539,0,0,539,0,0.0,2022-01-11 17:44:00,2022-01-17 08:14:00,5.6,15.0,15.0,15.0,100.0,0,16
2011_0_20220123,2011,462,462,0,0,462,0,0.0,2022-01-23 16:58:00,2022-01-28 12:13:00,4.8,15.0,15.0,15.0,100.0,0,15
2012_0_20220126,2012,288,288,0,0,288,0,0.0,2022-01-26 12:33:00,2022-01-29 12:18:00,2.99,15.0,15.0,15.0,100.0,0,8
2013_0_20220123,2013,350,350,0,0,350,0,0.0,2022-01-23 17:00:00,2022-01-27 08:15:00,3.64,15.0,15.0,15.0,100.0,0,11
2014_0_20201224,2014,1333,1333,0,0,1333,0,0.0,2020-12-24 11:53:00,2021-01-07 08:53:00,13.88,15.0,15.0,15.0,100.0,0,55
2014_1_20210317,2014,1339,1339,0,0,1339,0,0.0,2021-03-17 15:16:00,2021-03-31 13:46:00,13.94,15.0,15.0,15.0,100.0,0,42
2015_0_20210203,2015,1339,1339,0,0,1339,0,0.0,2021-02-03 14:30:00,2021-02-17 13:00:00,13.94,15.0,15.0,15.0,100.0,0,45
2015_1_20210219,2015,1318,1318,0,0,1318,0,0.0,2021-02-19 11:58:00,2021-03-05 05:13:00,13.72,15.0,15.0,15.0,100.0,0,45
2016_0_20201224,2016,1339,1339,0,0,1339,0,0.0,2020-12-24 10:27:00,2021-01-07 08:57:00,13.94,15.0,15.0,15.0,100.0,0,50
2017_0_20210102,2017,1337,1337,0,0,1337,0,0.0,2021-01-04 09:50:00,2021-01-18 07:50:00,13.92,15.0,15.0,15.0,100.0,0,51
2017_1_20201118,2017,1337,1337,0,0,1337,0,0.0,2020-11-18 09:53:00,2020-12-02 07:53:00,13.92,15.0,15.0,15.0,100.0,0,55
2018_0_20210420,2018,1231,1231,0,0,1231,0,0.0,2021-04-20 11:33:00,2021-05-03 07:03:00,12.81,15.0,15.0,15.0,100.0,0,51
2019_0_20210513,2019,751,751,0,0,751,0,0.0,2021-05-13 16:43:00,2021-05-21 12:13:00,7.81,15.0,15.0,15.0,100.0,0,25
2020_0_20210423,2020,539,539,0,0,539,0,0.0,2021-04-23 18:26:00,2021-04-29 08:56:00,5.6,15.0,15.0,15.0,100.0,0,13
2021_0_20211013,2021,1135,1135,0,0,1135,0,0.0,2021-10-13 10:29:00,2021-10-25 05:59:00,11.81,15.0,15.0,15.0,100.0,0,36
2022_0_20210419,2022,945,945,0,0,945,0,0.0,2021-04-19 11:23:00,2021-04-29 07:23:00,9.83,15.0,15.0,15.0,100.0,0,30
2023_0_20210812,2023,541,541,0,0,541,0,0.0,2021-08-12 15:07:00,2021-08-18 06:52:00,5.66,15.0,15.0,60.0,99.81,1,17
2024_0_20210429,2024,729,729,0,0,729,0,0.0,2021-04-29 16:43:00,2021-05-07 06:43:00,7.58,15.0,15.0,15.0,100.0,0,22
2025_0_20210506,2025,761,761,0,0,761,0,0.0,2021-05-06 09:34:00,2021-05-14 07:34:00,7.92,15.0,15.0,15.0,100.0,0,24
2026_0_20210916,2026,1136,1136,0,0,1136,0,0.0,2021-09-16 17:55:00,2021-09-28 13:40:00,11.82,15.0,15.0,15.0,100.0,0,37
2027_0_20210521,2027,1133,1133,0,0,1133,0,0.0,2021-05-21 16:21:00,2021-06-02 11:21:00,11.79,15.0,15.0,15.0,100.0,0,37
2028_0_20210426,2028,823,823,0,0,823,0,0.0,2021-04-26 17:08:00,2021-05-05 06:38:00,8.56,15.0,15.0,15.0,100.0,0,26
2029_0_20210526,2029,845,845,0,0,832,13,1.54,2021-05-26 16:14:00,2021-06-04 11:16:00,8.79,15.0,15.0,212.0,99.88,1,28
2030_0_20210531,2030,946,946,0,0,946,0,0.0,2021-05-31 11:47:00,2021-06-10 08:02:00,9.84,15.0,15.0,15.0,100.0,0,28
2031_0_20210601,2031,922,922,0,0,922,0,0.0,2021-06-01 17:16:00,2021-06-11 07:31:00,9.59,15.0,15.0,15.0,100.0,0,29
2032_0_20210727,2032,281,281,0,0,281,0,0.0,2021-07-27 16:21:00,2021-07-30 14:21:00,2.92,15.0,15.0,15.0,100.0,0,11
2033_0_20210615,2033,726,726,0,0,726,0,0.0,2021-06-15 17:43:00,2021-06-23 06:58:00,7.55,15.0,15.0,15.0,100.0,0,22
2034_0_20210624,2034,387,387,0,0,387,0,0.0,2021-06-24 12:31:00,2021-06-28 13:01:00,4.02,15.0,15.0,15.0,100.0,0,12
2035_0_20210629,2035,247,247,0,0,247,0,0.0,2021-06-29 17:04:00,2021-07-02 06:34:00,2.56,15.0,15.0,15.0,100.0,0,7
2036_0_20210803,2036,531,531,0,0,531,0,0.0,2021-08-03 19:56:00,2021-08-09 08:26:00,5.52,15.0,15.0,15.0,100.0,0,15
2037_0_20201221,2037,1338,1338,0,0,1338,0,0.0,2020-12-21 09:44:00,2021-01-04 07:59:00,13.93,15.0,15.0,15.0,100.0,0,42
2038_0_20210608,2038,546,546,0,0,546,0,0.0,2021-06-08 17:01:00,2021-06-14 09:16:00,5.68,15.0,15.0,15.0,100.0,0,19
2039_0_20210615,2039,633,633,0,0,633,0,0.0,2021-06-15 17:22:00,2021-06-22 07:22:00,6.58,15.0,15.0,15.0,100.0,0,20
2040_0_20210729,2040,1024,1024,0,0,1024,0,0.0,2021-07-29 16:08:00,2021-08-09 08:08:00,10.67,15.0,15.0,30.0,99.9,0,32
2041_0_20210813,2041,392,392,0,0,392,0,0.0,2021-08-13 09:58:00,2021-08-17 11:43:00,4.07,15.0,15.0,15.0,100.0,0,12
2042_0_20211019,2042,400,400,0,0,400,0,0.0,2021-10-19 15:44:00,2021-10-23 19:29:00,4.16,15.0,15.0,15.0,100.0,0,14
2043_0_20210513,2043,825,825,0,0,825,0,0.0,2021-05-13 17:10:00,2021-05-22 07:10:00,8.58,15.0,15.0,15.0,100.0,0,25
2044_0_20211101,2044,641,641,0,0,641,0,0.0,2021-11-01 15:21:00,2021-11-08 07:21:00,6.67,15.0,15.0,15.0,100.0,0,23
2045_0_20201216,2045,1339,1339,0,0,1339,0,0.0,2020-12-16 08:32:00,2020-12-30 07:02:00,13.94,15.0,15.0,15.0,100.0,0,64
2046_0_20201216,2046,1147,1147,0,0,1147,0,0.0,2020-12-16 09:20:00,2020-12-28 07:50:00,11.94,15.0,15.0,15.0,100.0,0,37
2047_0_20210420,2047,1217,1217,0,0,1217,0,0.0,2021-04-20 16:02:00,2021-05-03 08:02:00,12.67,15.0,15.0,15.0,100.0,0,48
2048_0_20210426,2048,1235,1235,0,0,1235,0,0.0,2021-04-26 23:20:00,2021-05-09 19:50:00,12.85,15.0,15.0,15.0,100.0,0,39
2049_0_20210426,2049,1133,1133,0,0,1133,0,0.0,2021-04-26 12:13:00,2021-05-08 07:13:00,11.79,15.0,15.0,15.0,100.0,0,35
2050_0_20210510,2050,1278,1278,0,0,1278,0,0.0,2021-05-10 10:18:00,2021-05-23 17:33:00,13.3,15.0,15.0,15.0,100.0,0,50
2051_0_20210512,2051,1218,1218,0,0,1218,0,0.0,2021-05-12 03:42:00,2021-05-24 19:57:00,12.68,15.0,15.0,15.0,100.0,0,39
2052_0_20210511,2052,1249,1249,0,0,1249,0,0.0,2021-05-11 16:44:00,2021-05-24 16:44:00,13.0,15.0,15.0,15.0,100.0,0,41
2053_0_20210518,2053,1222,1222,0,0,1222,0,0.0,2021-05-18 15:05:00,2021-05-31 08:20:00,12.72,15.0,15.0,15.0,100.0,0,36
2054_0_20210524,2054,525,525,0,0,525,0,0.0,2021-05-24 12:18:00,2021-05-29 23:18:00,5.46,15.0,15.0,15.0,100.0,0,16
2055_0_20210524,2055,1045,1045,0,0,1045,0,0.0,2021-05-24 10:21:00,2021-06-04 07:21:00,10.88,15.0,15.0,15.0,100.0,0,36
2055_1_20201207,2055,1339,1339,0,0,1339,0,0.0,2020-12-07 10:10:00,2020-12-21 08:40:00,13.94,15.0,15.0,15.0,100.0,0,58
2056_0_20210524,2056,567,567,0,0,567,0,0.0,2021-05-24 10:50:00,2021-05-30 08:20:00,5.9,15.0,15.0,15.0,100.0,0,26
2057_0_20210525,2057,1225,1225,0,0,1225,0,0.0,2021-05-25 15:00:00,2021-06-07 09:00:00,12.75,15.0,15.0,15.0,100.0,0,47
2058_0_20210524,2058,1282,1282,0,0,1282,0,0.0,2021-05-24 09:47:00,2021-06-06 18:02:00,13.34,15.0,15.0,15.0,100.0,0,40
2059_0_20210525,2059,1257,1257,0,0,1257,0,0.0,2021-05-25 15:19:00,2021-06-07 17:19:00,13.08,15.0,15.0,15.0,100.0,0,50
2060_0_20201214,2060,1333,1333,0,0,1333,0,0.0,2020-12-14 11:00:00,2020-12-28 08:00:00,13.88,15.0,15.0,15.0,100.0,0,41
2061_0_20210601,2061,934,934,0,0,934,0,0.0,2021-06-01 14:43:00,2021-06-11 07:58:00,9.72,15.0,15.0,15.0,100.0,0,40
2062_0_20210601,2062,1205,1205,0,0,1205,0,0.0,2021-06-01 16:24:00,2021-06-14 05:24:00,12.54,15.0,15.0,15.0,100.0,0,37
2063_0_20210608,2063,1223,1223,0,0,1223,0,0.0,2021-06-08 14:43:00,2021-06-21 08:13:00,12.73,15.0,15.0,15.0,100.0,0,38
2064_0_20210608,2064,1220,1220,0,0,1220,0,0.0,2021-06-08 14:55:00,2021-06-21 07:40:00,12.7,15.0,15.0,15.0,100.0,0,38
2065_0_20210615,2065,847,847,0,0,847,0,0.0,2021-06-15 17:25:00,2021-06-24 12:55:00,8.81,15.0,15.0,15.0,100.0,0,33
2066_0_20210615,2066,1220,1220,0,0,1220,0,0.0,2021-06-15 14:50:00,2021-06-28 07:35:00,12.7,15.0,15.0,15.0,100.0,0,39
2067_0_20210615,2067,1224,1224,0,0,1224,0,0.0,2021-06-15 14:38:00,2021-06-28 08:23:00,12.74,15.0,15.0,15.0,100.0,0,37
2068_0_20210616,2068,1264,1264,0,0,1264,0,0.0,2021-06-16 10:41:00,2021-06-29 14:26:00,13.16,15.0,15.0,15.0,100.0,0,38
2069_0_20210621,2069,1243,1243,0,0,1243,0,0.0,2021-06-21 19:59:00,2021-07-04 18:29:00,12.94,15.0,15.0,15.0,100.0,0,38
2069_1_20210705,2069,1244,1244,0,0,1244,0,0.0,2021-07-05 20:25:00,2021-07-18 19:10:00,12.95,15.0,15.0,15.0,100.0,0,41
2069_2_20210825,2069,1237,1237,0,0,1237,0,0.0,2021-08-25 01:13:00,2021-09-06 22:13:00,12.88,15.0,15.0,15.0,100.0,0,39
2070_0_20210629,2070,1230,1230,0,0,1230,0,0.0,2021-06-29 15:04:00,2021-07-12 10:19:00,12.8,15.0,15.0,15.0,100.0,0,38
2071_0_20210705,2071,1292,1292,0,0,1292,0,0.0,2021-07-05 09:52:00,2021-07-18 20:37:00,13.45,15.0,15.0,15.0,100.0,0,39
2072_0_20210706,2072,1220,1220,0,0,1220,0,0.0,2021-07-06 14:55:00,2021-07-19 07:40:00,12.7,15.0,15.0,15.0,100.0,0,43
2073_0_20210703,2073,1339,1339,0,0,1339,0,0.0,2021-07-03 15:18:00,2021-07-17 13:48:00,13.94,15.0,15.0,15.0,100.0,0,42
2074_0_20210707,2074,1145,1145,0,0,1145,0,0.0,2021-07-07 16:46:00,2021-07-19 14:46:00,11.92,15.0,15.0,15.0,100.0,0,36
2074_1_20210720,2074,978,978,0,0,978,0,0.0,2021-07-20 16:01:00,2021-07-30 20:16:00,10.18,15.0,15.0,15.0,100.0,0,31
2075_0_20210720,2075,938,938,0,0,938,0,0.0,2021-07-20 14:43:00,2021-07-30 08:58:00,9.76,15.0,15.0,15.0,100.0,0,33
2076_0_20210720,2076,1218,1218,0,0,1218,0,0.0,2021-07-20 15:22:00,2021-08-02 07:37:00,12.68,15.0,15.0,15.0,100.0,0,36
2077_0_20210803,2077,1023,1023,0,0,1023,0,0.0,2021-08-03 15:58:00,2021-08-14 07:28:00,10.65,15.0,15.0,15.0,100.0,0,33
2078_0_20210803,2078,1339,1339,0,0,1339,0,0.0,2021-08-03 15:36:00,2021-08-17 14:06:00,13.94,15.0,15.0,15.0,100.0,0,44
2078_1_20210817,2078,1333,1333,0,0,1333,0,0.0,2021-08-17 16:22:00,2021-08-31 13:22:00,13.88,15.0,15.0,15.0,100.0,0,50
2079_0_20210809,2079,1333,1333,0,0,1333,0,0.0,2021-08-09 10:34:00,2021-08-23 07:34:00,13.88,15.0,15.0,15.0,100.0,0,42
2080_0_20210816,2080,1329,1329,0,0,1329,0,0.0,2021-08-16 11:35:00,2021-08-30 08:20:00,13.86,15.0,15.0,45.0,99.85,1,52
2081_0_20210817,2081,1221,1221,0,0,1221,0,0.0,2021-08-17 15:15:00,2021-08-30 08:15:00,12.71,15.0,15.0,15.0,100.0,0,38
2082_0_20210907,2082,1047,1047,0,0,1047,0,0.0,2021-09-07 15:34:00,2021-09-18 13:04:00,10.9,15.0,15.0,15.0,100.0,0,33
2083_0_20201214,2083,1331,1331,0,0,1331,0,0.0,2020-12-14 12:20:00,2020-12-28 08:50:00,13.85,15.0,15.0,15.0,100.0,0,44
2084_0_20211013,2084,663,663,0,0,663,0,0.0,2021-10-13 11:28:00,2021-10-20 09:28:00,6.92,15.0,15.0,45.0,99.85,1,27
2085_0_20200907,2085,1339,1339,0,0,1339,0,0.0,2020-09-07 11:23:00,2020-09-21 09:53:00,13.94,15.0,15.0,15.0,100.0,0,53
2086_0_20200914,2086,1338,1338,0,0,1338,0,0.0,2020-09-14 09:20:00,2020-09-28 07:35:00,13.93,15.0,15.0,15.0,100.0,0,42
2087_0_20201012,2087,1339,1339,0,0,1339,0,0.0,2020-10-12 10:58:00,2020-10-26 09:28:00,13.94,15.0,15.0,15.0,100.0,0,62
2088_0_20201123,2088,1332,1332,0,0,1332,0,0.0,2020-11-23 11:28:00,2020-12-07 08:13:00,13.86,15.0,15.0,15.0,100.0,0,41
2089_0_20201019,2089,1334,1334,0,0,1334,0,0.0,2020-10-19 11:06:00,2020-11-02 08:21:00,13.89,15.0,15.0,15.0,100.0,0,47
2090_0_20201130,2090,1330,1330,0,0,1330,0,0.0,2020-11-30 11:38:00,2020-12-14 07:53:00,13.84,15.0,15.0,15.0,100.0,0,42
2091_0_20201029,2091,1339,1339,0,0,1339,0,0.0,2020-10-29 15:32:00,2020-11-12 14:02:00,13.94,15.0,15.0,15.0,100.0,0,46
2092_0_20201109,2092,1333,1333,0,0,1333,0,0.0,2020-11-09 10:51:00,2020-11-23 07:51:00,13.88,15.0,15.0,15.0,100.0,0,43
2093_0_20201109,2093,1339,1339,0,0,1339,0,0.0,2020-11-09 10:55:00,2020-11-23 09:25:00,13.94,15.0,15.0,15.0,100.0,0,58
2094_0_20211109,2094,1338,1338,0,0,1338,0,0.0,2020-11-09 11:22:00,2020-11-23 09:37:00,13.93,15.0,15.0,15.0,100.0,0,45
2095_0_20201116,2095,1329,1329,0,0,1329,0,0.0,2020-11-16 12:00:00,2020-11-30 09:15:00,13.89,15.0,15.0,30.0,99.62,0,40
2096_0_20201116,2096,1328,1328,0,0,1328,0,0.0,2020-11-16 11:47:00,2020-11-30 07:32:00,13.82,15.0,15.0,15.0,100.0,0,43
2097_0_20201116,2097,1337,1337,0,0,1337,0,0.0,2020-11-16 11:30:00,2020-11-30 09:30:00,13.92,15.0,15.0,15.0,100.0,0,48
2098_0_20201106,2098,1325,1325,0,0,1325,0,0.0,2020-11-16 12:58:00,2020-11-30 07:58:00,13.79,15.0,15.0,15.0,100.0,0,46
2099_0_20201116,2099,1329,1329,0,0,1329,0,0.0,2020-11-16 12:47:00,2020-11-30 08:47:00,13.83,15.0,15.0,15.0,100.0,0,41
